group,file,size_bytes,sha256
checkpoints,c0c1_bauru_s42_Q1_g5b2/checkpoints/checkpoint_best.pt,20845665,cf69e5a89d3a26fda04bc96d02c1ce21c91f4ab8487377f578ef36119b6fb86f
checkpoints,c0c1_bauru_s42_Q2_g5b2/checkpoints/checkpoint_best.pt,20845793,11a4ac61f0628b42e9c47e0932d5a4d4debeb6e4ab71dd7548733e8b1de42922
checkpoints,c0c1_bauru_s42_Q3_g5b2/checkpoints/checkpoint_best.pt,20845793,465e853403dc01a60d3c277d54b9c2121e0acf9862905e5a70e68a15ef32e118
checkpoints,c0c1_bauru_s42_Q4_g5b2/checkpoints/checkpoint_best.pt,20845793,3ed5bd9b8d0f9ce624dc45af6be4997cc10b3d9e690eb268f42417b140555ae2
checkpoints,c0c1cf_bauru_s42_Q1_g10b2/checkpoints/checkpoint_best.pt,20845729,a9a43d41f0645eb2a035bbcb5c6dc12ea844a2d206e7cb547ccef6c977d7e4b0
checkpoints,c0c1cf_bauru_s42_Q2_g10b2/checkpoints/checkpoint_best.pt,20845857,f38b73e5457ae4c7e55325260d5f5f14742f88d3e18b305f00aef0aef0693c76
checkpoints,c0c1cf_bauru_s42_Q3_g10b2/checkpoints/checkpoint_best.pt,20845857,1a58af02a2900990e18d18d0ad08a546dfc8b3f92a10b1b78c43d1bbff621a3a
checkpoints,c0c1cf_bauru_s42_Q4_g10b2/checkpoints/checkpoint_best.pt,20845857,e8fd65094036f832ccaa8a3f5ba50f6f6b6a59067736b525006973899ee7849f
checkpoints,c0c1cf_campinas_s42_Q1_g10b2/checkpoints/checkpoint_best.pt,20845729,ed5b4da3d566ed3c214da7e68e04338f8c5a8d7fcf70a5289686653a20c6bfd8
checkpoints,c0c1cf_campinas_s42_Q2_g10b2/checkpoints/checkpoint_best.pt,20845921,186ebe42d7f734db95adbd3ac6dededf2b2b903ee36f391f0125f5853d820df2
checkpoints,c0c1cf_campinas_s42_Q3_g10b2/checkpoints/checkpoint_best.pt,20845921,f40fccb7ae378f4c2e3ac02ab4eb5277ecdf2322a69f20ae5cd937d6e5ab0ae5
checkpoints,c0c1cf_campinas_s42_Q4_g10b2/checkpoints/checkpoint_best.pt,20845921,a0086271de9f8dce8101478112245d9d2391b305490ee448f0936a76bf16f4ae
checkpoints,c0c1cf_lins_s42_Q1_g10b2/checkpoints/checkpoint_best.pt,20845729,3560eed82a48b3f3a2c6f2b70fc28b3788c385329d43f7904a04302aaf011a55
checkpoints,c0c1cf_lins_s42_Q2_g10b2/checkpoints/checkpoint_best.pt,20845857,1b51e711327099f3f8512029ff2d194bebb10d8024a42ea0f7081fabaa190534
checkpoints,c0c1cf_lins_s42_Q3_g10b2/checkpoints/checkpoint_best.pt,20845857,4ef47c99ff669a2b56731b4cdb8259f613fdf502231a3e9efeaf4ed099e79ec6
checkpoints,c0c1cf_lins_s42_Q4_g10b2/checkpoints/checkpoint_best.pt,20845857,3ae7cdee8bb5c96a1ea787f2c563e42a76f41eb008876cfa8a22e74403b8c1f0
checkpoints,c0c1cf_sorocaba_s42_Q1_g10b2/checkpoints/checkpoint_best.pt,20845729,00137ceee698b8ed5713464ff1f66683d0a382a86e231557f6991ecdf19cef95
checkpoints,c0c1cf_sorocaba_s42_Q2_g10b2/checkpoints/checkpoint_best.pt,20845921,4cc0c3b985a1b0dd65e72fe217747a2882150a2a8dcbe070f3a28a54e42ee8ce
checkpoints,c0c1cf_sorocaba_s42_Q3_g10b2/checkpoints/checkpoint_best.pt,20845921,eb057c78ec887d7c22ab3aeaab8290a6c5c33874d9d412412483de387314a35e
checkpoints,c0c1cf_sorocaba_s42_Q4_g10b2/checkpoints/checkpoint_best.pt,20845921,cfcaaeadd3f164cbac6e34f49e81d6a6067b627b3cb6871cc12930610102741e
checkpoints,g1_gnn_bauru_Q1_ss125243_s42/checkpoints/checkpoint_best.pt,20845665,f02dd4076c9750ad6f0204e3f454c4292b97676e3a22fb164df20264c5dd6749
checkpoints,g1_gnn_bauru_Q1_ss125243_s43/checkpoints/checkpoint_best.pt,20845665,50d78c5d64fe36f14ac29b53d65fe91e8e88f5dd94b66e42e1cdc4e460feee0d
checkpoints,g1_gnn_bauru_Q1_ss125243_s44/checkpoints/checkpoint_best.pt,20845665,34cd36697956e4ee05efc8249ea064359b3431ccbccbe495d7a1ccd19d224732
checkpoints,g1_gnn_bauru_Q1_ss159513_s42/checkpoints/checkpoint_best.pt,20845665,f2bf105a6cc599acc8c56b1b68cda07cc119e05ec0c2b4527c779636693797c7
checkpoints,g1_gnn_bauru_Q1_ss159513_s43/checkpoints/checkpoint_best.pt,20845665,ac2f335035dd3402300705186025b98530bf7275461f56a40eb9f870c8bb18ca
checkpoints,g1_gnn_bauru_Q1_ss159513_s44/checkpoints/checkpoint_best.pt,20845665,c6adc7a72279bccf7bb3793f808ab0323e7280abc7fce0f84a58a9ee8b0285c0
checkpoints,g1_gnn_bauru_Q1_ss198718_s42/checkpoints/checkpoint_best.pt,20845665,70c86f6d8e85a91a4f84f2dd3b5fd781091df04121dcf3f80d570288280ab12a
checkpoints,g1_gnn_bauru_Q1_ss259492_s42/checkpoints/checkpoint_best.pt,20845665,834cd27f6b97ae1eeb52ebacc1554a3700ccf41f2d94d5dea539d13570c61473
checkpoints,g1_gnn_bauru_Q1_ss282106_s42/checkpoints/checkpoint_best.pt,20845665,7737465f0764c76da27bdb71434ab228a0d4af49601c92d56eca5524cd5bdcb5
checkpoints,g1_gnn_bauru_Q1_ss29675_s42/checkpoints/checkpoint_best.pt,20845665,6d72dddbbff77e54f4716bd4326540a93be56c3ddc29d7daefc1542f9edef1d1
checkpoints,g1_gnn_bauru_Q1_ss387379_s42/checkpoints/checkpoint_best.pt,20845665,7cf9940172152bf829969ee42a712cdccd39925540d74f80ac7edf74a467aac9
checkpoints,g1_gnn_bauru_Q1_ss508734_s42/checkpoints/checkpoint_best.pt,20845665,1d09aa58272cbc5bad1727ddd051762898c8f38a0092e318e6444aec5ce047e7
checkpoints,g1_gnn_bauru_Q1_ss535105_s42/checkpoints/checkpoint_best.pt,20845665,de8dd4f3cd4a193f005160a3cdec9b24714dda70f5a747aa3d11ca9a1b989657
checkpoints,g1_gnn_bauru_Q1_ss546703_s42/checkpoints/checkpoint_best.pt,20845665,a41abd1c245bca68f94a141a2dc8654027c41d7b5882384c77e74968a2e8049e
checkpoints,g1_gnn_bauru_Q1_ss54892_s42/checkpoints/checkpoint_best.pt,20845665,145788aff59747b9b2e9cd1633f4ecd7653ca9a0d310ef6ae3b3025938349615
checkpoints,g1_gnn_bauru_Q1_ss54892_s43/checkpoints/checkpoint_best.pt,20845665,069ba6ae9a8d3d67c47ff60fa379bba3dda0abf80fcad342b0d18f24730044d7
checkpoints,g1_gnn_bauru_Q1_ss54892_s44/checkpoints/checkpoint_best.pt,20845665,b50a345f283716da2b96a900b6dadb6469df162381e7d445d280844e9f89d50e
checkpoints,g1_gnn_bauru_Q1_ss676375_s42/checkpoints/checkpoint_best.pt,20845665,4d01ba67cf90270281710881fd8c9c0cc15d458f3b633a7ea10aee075e92350a
checkpoints,g1_gnn_bauru_Q1_ss684965_s42/checkpoints/checkpoint_best.pt,20845665,9d0f0b734f68095acb22b32ef3f80387ee1481afe5b8200a207789dd22ce6f89
checkpoints,g1_gnn_bauru_Q1_ss723969_s42/checkpoints/checkpoint_best.pt,20845665,d9448e281c4cb654d40630cbcfdfb5d17af107b3a5fdbe508717b12ef44c4736
checkpoints,g1_gnn_bauru_Q1_ss739191_s42/checkpoints/checkpoint_best.pt,20845665,02d81699660e9069771213db3a2f3ece327c8ea6b81f01e34d49b0bf294b857b
checkpoints,g1_gnn_bauru_Q1_ss756541_s42/checkpoints/checkpoint_best.pt,20845665,04b95946468a2418bea106897afa342054d78d708bf888241a3f47c1ed7e3a95
checkpoints,g1_gnn_bauru_Q1_ss769856_s42/checkpoints/checkpoint_best.pt,20845665,4d76695f561d5e0cb0912af22ca1d3799e7d9db510208a16bf97376d9ff4f856
checkpoints,g1_gnn_bauru_Q1_ss811474_s42/checkpoints/checkpoint_best.pt,20845665,a92096cb5f604c51c8074def9012b6992e23ce2cd344e9ac7d4d2d3b327ed465
checkpoints,g1_gnn_bauru_Q1_ss811474_s43/checkpoints/checkpoint_best.pt,20845665,456cf9ffa5b7caf460232f87abb8e016f63c3ea93c8870735d68e3b0494a6566
checkpoints,g1_gnn_bauru_Q1_ss811474_s44/checkpoints/checkpoint_best.pt,20845665,0ed4a5bde1398a19b28080dcc55fd93088a3df8c9504b3eb884737ae18df8f3e
checkpoints,g1_gnn_bauru_Q1_ss880099_s42/checkpoints/checkpoint_best.pt,20845665,74d07f5d2149bbb965b8f3c2c8bc11fac43f3b5b366b290dcd1b1a5cc5957b4b
checkpoints,g1_gnn_bauru_Q1_ss880099_s43/checkpoints/checkpoint_best.pt,20845665,f1d454b3fc7ead2d01db83dea8182c0a7ac186961f85aedfe5a4b4db4a9121c8
checkpoints,g1_gnn_bauru_Q1_ss880099_s44/checkpoints/checkpoint_best.pt,20845665,6008b896958a6e1f8224b1ef303ff751b3cdf85e180ce85dbeb410802b057141
checkpoints,g1_gnn_bauru_Q1_ss934410_s42/checkpoints/checkpoint_best.pt,20845665,017059565ccc0d13e4ae36b51cf77b52d8e429455102a7843250679b7ec33c66
checkpoints,g1_gnn_bauru_Q3_ss159513_s42/checkpoints/checkpoint_best.pt,20845665,ccd70ac3df555327dbe6efa17ebda298f1495201ca0d19d78a4cf2b7210a2d9d
checkpoints,g1_gnn_bauru_Q3_ss198718_s42/checkpoints/checkpoint_best.pt,20845665,0baba24f30053f2e4a8f9e8ba345e5f0501ad46aece0b4c70c54a22f4a252638
checkpoints,g1_gnn_bauru_Q3_ss259492_s42/checkpoints/checkpoint_best.pt,20845665,00571660af6d86171dfee6e440508606d06d52dcd2fd62eb16b301a9b300633c
checkpoints,g1_gnn_bauru_Q3_ss29675_s42/checkpoints/checkpoint_best.pt,20845665,c2f06a65f95c3a0270fb9753939d3a6155fe67f87b7a1c6eb222e82eea56073c
checkpoints,g1_gnn_bauru_Q3_ss387379_s42/checkpoints/checkpoint_best.pt,20845665,b11fec58a7750dc9444c74484174c2dd4dc5b49e40c7a0ad9ca94a6995c1fe99
checkpoints,g1_gnn_bauru_Q3_ss508734_s42/checkpoints/checkpoint_best.pt,20845665,af35fbc20b0817b787c1dcb957f6898fe31eec701f2b2aaf1af336f0cf8a8248
checkpoints,g1_gnn_bauru_Q3_ss535105_s42/checkpoints/checkpoint_best.pt,20845665,bdcd1db3183013ce4b6b5d60dc9e4be206c77fb116ae1935f53b578a7ad39532
checkpoints,g1_gnn_bauru_Q3_ss546703_s42/checkpoints/checkpoint_best.pt,20845665,62ad300ed8505952dce717d1c5f55fe31e96f1a97a4a9596813424f49fd5c754
checkpoints,g1_gnn_bauru_Q3_ss54892_s42/checkpoints/checkpoint_best.pt,20845665,669376a1b593249d68c1fc9fd2e04daca06bee4a9e47f8c96dd1f1c904f0f77f
checkpoints,g1_gnn_bauru_Q3_ss676375_s42/checkpoints/checkpoint_best.pt,20845665,69a4a563f8b2a2aacda69c9e6da44ae9b2c02a6258559eae4ef2acdf6c67d855
checkpoints,g1_gnn_bauru_Q3_ss684965_s42/checkpoints/checkpoint_best.pt,20845665,d7e5d6236a4535bc3c4ee692a6cafc9294a6eb316b330c5d36d91385f7d14e0b
checkpoints,g1_gnn_bauru_Q3_ss723969_s42/checkpoints/checkpoint_best.pt,20845665,e6aa272eb383ebf99bed49109a91df0fc7c8faf0d70bee71f6b3d2d7f83add3b
checkpoints,g1_gnn_bauru_Q3_ss756541_s42/checkpoints/checkpoint_best.pt,20845665,193496d89b872880c412ed0a9d08037a4297346cee1a1ede079f0ca58f83f0bf
checkpoints,g1_gnn_bauru_Q3_ss811474_s42/checkpoints/checkpoint_best.pt,20845665,757887c3dade2e3385b6f2e78fbc1ca15ae4af8b572604e734ce6aa0c4e19714
checkpoints,g1_gnn_bauru_Q3_ss880099_s42/checkpoints/checkpoint_best.pt,20845665,4e35a8a2bf842bbf36c03bc2a6e714b41ca4c819be0aa959ad191560611f4447
checkpoints,g1_gnn_bauru_Q3_ss934410_s42/checkpoints/checkpoint_best.pt,20845665,8827ba14fc7b48d4b572f297bf8e629d548282df1eca616a9004d69d70964467
checkpoints,g1_gnn_campinas_Q1_ss125243_s42/checkpoints/checkpoint_best.pt,20845729,66bf7c25624bb6718db08ea4e97cd2bbb5f5f8f77e459eed5f25b97d964a43cb
checkpoints,g1_gnn_campinas_Q1_ss125243_s43/checkpoints/checkpoint_best.pt,20845729,812bc13d32af3d243590dcc92cbe26b11b140e63a8bf148c6c01c1a7109119c5
checkpoints,g1_gnn_campinas_Q1_ss125243_s44/checkpoints/checkpoint_best.pt,20845729,4d25d7675a804ed5a94d16d42a60709e508d0673c789c74590aa786175962660
checkpoints,g1_gnn_campinas_Q1_ss159513_s42/checkpoints/checkpoint_best.pt,20845729,8f7c4e65b91d3895cd7e7bc34f607866b284dbcf62b19e70d2fd5061942871f6
checkpoints,g1_gnn_campinas_Q1_ss159513_s43/checkpoints/checkpoint_best.pt,20845729,603d2f45659c6e84a9b0d97e51673454dce28b74f1b04711bc5a80a7e71a95c2
checkpoints,g1_gnn_campinas_Q1_ss159513_s44/checkpoints/checkpoint_best.pt,20845729,16be06676e58fa83dacd1ace8cc9d7565b52102fc4a8d37776f279e0d9916e42
checkpoints,g1_gnn_campinas_Q1_ss198718_s42/checkpoints/checkpoint_best.pt,20845729,958dbba04492fb26c8ff0c4111ae39a8e7862597c3c136cda4dc2a16334d843f
checkpoints,g1_gnn_campinas_Q1_ss259492_s42/checkpoints/checkpoint_best.pt,20845729,35373b9e2adc7f1d6c6db73a715124fed70f6667a28571353769ef24cab0e414
checkpoints,g1_gnn_campinas_Q1_ss259492_s43/checkpoints/checkpoint_best.pt,20845729,e07db9723b5d6b9c1f8840163cb2af806ddfaec8a014da4fcfaa31ee6bfc9358
checkpoints,g1_gnn_campinas_Q1_ss259492_s44/checkpoints/checkpoint_best.pt,20845729,7f4d740177f9df7bc5be0417923cc66d45532073e456153e0d2ec41745a771ed
checkpoints,g1_gnn_campinas_Q1_ss282106_s42/checkpoints/checkpoint_best.pt,20845729,4d20af95dd5050607e68b04b73ecad46c1bd853c1385126b46d11da4a836b605
checkpoints,g1_gnn_campinas_Q1_ss29675_s42/checkpoints/checkpoint_best.pt,20845729,15436f1987899978b2387ef83a33fcc96b0dc798764bd11f02471a2c5ae0ce55
checkpoints,g1_gnn_campinas_Q1_ss29675_s43/checkpoints/checkpoint_best.pt,20845729,debc772a420a6b63e95e909fa60bece6d5d6b741ee016f944afefe70b44cd961
checkpoints,g1_gnn_campinas_Q1_ss29675_s44/checkpoints/checkpoint_best.pt,20845729,1df36bb2fcb6261d0549da52a363131bc22ddcf0154c373593a1b984ad42378f
checkpoints,g1_gnn_campinas_Q1_ss387379_s42/checkpoints/checkpoint_best.pt,20845729,5d427bcc9d36224b10d3ab8a845f32280a28690e440c2e153e97db9938bc7d0d
checkpoints,g1_gnn_campinas_Q1_ss387379_s43/checkpoints/checkpoint_best.pt,20845729,3a9c2942f9a44abaeefbd3d6f6a740338be202307860e53e13d1a65ff8c9b5a3
checkpoints,g1_gnn_campinas_Q1_ss387379_s44/checkpoints/checkpoint_best.pt,20845729,61d79cb29eff697942d48edfbc5e33648398f181bfc6b3650fa4dbe90a26e68d
checkpoints,g1_gnn_campinas_Q1_ss508734_s42/checkpoints/checkpoint_best.pt,20845729,b3f18224c802a576db53e9addf33c01a3a6943126cbbd121670f1a22b3844202
checkpoints,g1_gnn_campinas_Q1_ss535105_s42/checkpoints/checkpoint_best.pt,20845729,17c5e4a4c5c0c88566641b3abe791891fa0e208aa7b23346a40ec38b07bb7f32
checkpoints,g1_gnn_campinas_Q1_ss546703_s42/checkpoints/checkpoint_best.pt,20845729,5bc5f266592824d7fbaeea81d9300be63c447d50a8cf24d2f85eac02a5dcde9e
checkpoints,g1_gnn_campinas_Q1_ss54892_s42/checkpoints/checkpoint_best.pt,20845729,c5ae6521fa60488f3220097c45e7cec4dbbd6b6c49123299118d4e04a2d2a2d0
checkpoints,g1_gnn_campinas_Q1_ss54892_s43/checkpoints/checkpoint_best.pt,20845729,b7d8b55a78414afdbaa7a9dc6ee3e28eab029ec6d1cc9ea81a2dcbf82962a24c
checkpoints,g1_gnn_campinas_Q1_ss54892_s44/checkpoints/checkpoint_best.pt,20845729,ddb3533bc9fddbbb57049e9eafc41aab5ce4115de84246420aa080fb12854dd5
checkpoints,g1_gnn_campinas_Q1_ss676375_s42/checkpoints/checkpoint_best.pt,20845729,b0092ca4bdbd84221f965d04b22bce5e2806dc58340bff7f86fecab6d3eb69d6
checkpoints,g1_gnn_campinas_Q1_ss676375_s43/checkpoints/checkpoint_best.pt,20845729,afa89c404e34d936fb83617d9021a8601ca6d5457a7ebf104fc3974335f11963
checkpoints,g1_gnn_campinas_Q1_ss676375_s44/checkpoints/checkpoint_best.pt,20845729,9c94200419e15ab586c8e311d8a6dc476113166d2336950d846dc4fe1ed84eea
checkpoints,g1_gnn_campinas_Q1_ss684965_s42/checkpoints/checkpoint_best.pt,20845729,8395b36edd3e30d1269d7de392af72b482ed0e6f957bf1e3b9f78ae8e3ed4216
checkpoints,g1_gnn_campinas_Q1_ss723969_s42/checkpoints/checkpoint_best.pt,20845729,edcab722dd450d5da2a750ac9cc8d309b5f5b6e45b4c44f791bc0f59f6838722
checkpoints,g1_gnn_campinas_Q1_ss739191_s42/checkpoints/checkpoint_best.pt,20845729,2b159d7938360c71fb99e8b84e905c7131182ca8dd10e479e5244f9a043e75ba
checkpoints,g1_gnn_campinas_Q1_ss739191_s43/checkpoints/checkpoint_best.pt,20845729,36324facfc5d2aaea606a5ee7026071a906d89476f4eb07e05a93be531167567
checkpoints,g1_gnn_campinas_Q1_ss739191_s44/checkpoints/checkpoint_best.pt,20845729,66ceb0e9d009b0c0a0f2c9b8bc70325fe5b256486cf3ce75573b1ef7a0648775
checkpoints,g1_gnn_campinas_Q1_ss756541_s42/checkpoints/checkpoint_best.pt,20845729,3a99372617e72cd78f5aa348158d319d9e8c3df18e7de5c80013a20a8d538bd7
checkpoints,g1_gnn_campinas_Q1_ss769856_s42/checkpoints/checkpoint_best.pt,20845729,f5dba1ad9dcfb240faa3153937f8cb89204ba8e0ceafd5def66dcc6ef534cd8f
checkpoints,g1_gnn_campinas_Q1_ss811474_s42/checkpoints/checkpoint_best.pt,20845729,210dfec9c913bc55c6905fd8aaf045029fc5f6aa92cfa79c7f21c072b0f5d794
checkpoints,g1_gnn_campinas_Q1_ss811474_s43/checkpoints/checkpoint_best.pt,20845729,ac951a36c5983878f1ca73231ca1a2473084944042ff2ca7d4b695105e14d072
checkpoints,g1_gnn_campinas_Q1_ss811474_s44/checkpoints/checkpoint_best.pt,20845729,b5c39720fc233dbd40023f260f28868a7e1dde258ebecae1bc0e9a4151f69816
checkpoints,g1_gnn_campinas_Q1_ss880099_s42/checkpoints/checkpoint_best.pt,20845729,78460b441d2283fa6e9c9168af4652e240fa0f136250b160a2924fd766722f87
checkpoints,g1_gnn_campinas_Q1_ss880099_s43/checkpoints/checkpoint_best.pt,20845729,290da3a483502f845d22c7b98df14cf82b241983829afec31598b73f921a1f10
checkpoints,g1_gnn_campinas_Q1_ss880099_s44/checkpoints/checkpoint_best.pt,20845729,3e4003e769db7ed9acd4b592558981c7cde0bd6da7045db7a31dc38b2ffb0527
checkpoints,g1_gnn_campinas_Q1_ss934410_s42/checkpoints/checkpoint_best.pt,20845729,d5e7cbbd049bc3b30fa335d09ae1ec4059a6b72101904ca55980e10239d7e070
checkpoints,g1_gnn_campinas_Q3_ss125243_s42/checkpoints/checkpoint_best.pt,20845729,ca922836e7020b948a2c71dc47cd407b32b7427eab3ad4392de2ddbabe034684
checkpoints,g1_gnn_campinas_Q3_ss159513_s42/checkpoints/checkpoint_best.pt,20845729,84879c9947adeb63cccb44fbb4567a4d8a67f1f62d1dc199f87774a8c0cf59ac
checkpoints,g1_gnn_campinas_Q3_ss198718_s42/checkpoints/checkpoint_best.pt,20845729,99396fc0cb214d61f5fa84e6f249c25ef09ec0a491fb8f4305e77417a559d26f
checkpoints,g1_gnn_campinas_Q3_ss259492_s42/checkpoints/checkpoint_best.pt,20845729,e6add042100d71ffd07739bac8f6787a0044322eed6e463f2ac9548475dc1390
checkpoints,g1_gnn_campinas_Q3_ss282106_s42/checkpoints/checkpoint_best.pt,20845729,a38bd03c7c70d80284f4395bb7b09b62e37831b380846a759eca0bf47f5d8aa8
checkpoints,g1_gnn_campinas_Q3_ss29675_s42/checkpoints/checkpoint_best.pt,20845729,668a9890c55782d627aadc5ea585b69d6b08bd808d0af369a8395e15264f30ed
checkpoints,g1_gnn_campinas_Q3_ss387379_s42/checkpoints/checkpoint_best.pt,20845729,9b72603464b2ca7d9c9a4fabd7966515e88d5f543f405db1076647d49a121d07
checkpoints,g1_gnn_campinas_Q3_ss508734_s42/checkpoints/checkpoint_best.pt,20845729,21dfca15e76fc3a7f2266f484ccfce121889ad7d8f1f0db3c086aa0f00ee6912
checkpoints,g1_gnn_campinas_Q3_ss535105_s42/checkpoints/checkpoint_best.pt,20845729,fd6ad1edb1175e579504a0d23be5a8fbcc43e03b968698356039c18383074526
checkpoints,g1_gnn_campinas_Q3_ss546703_s42/checkpoints/checkpoint_best.pt,20845729,fe26eb7985eda1e740aa5af3a5c9c463485f1c34319d0e3cfb6afec51c993ba5
checkpoints,g1_gnn_campinas_Q3_ss54892_s42/checkpoints/checkpoint_best.pt,20845729,b852f734d272d90589ce9c50ff2a54b0fc2a538d64096286b02687d50be50146
checkpoints,g1_gnn_campinas_Q3_ss676375_s42/checkpoints/checkpoint_best.pt,20845729,46264fcbd4f9125a5cf55040d5a4b6e72c1149dfe3ac7f14bd5c833ac51311e3
checkpoints,g1_gnn_campinas_Q3_ss684965_s42/checkpoints/checkpoint_best.pt,20845729,f632c4931b9238c0a30d23ca9802c21b478cb9b54b94b586d6d5d2ce5835cd84
checkpoints,g1_gnn_campinas_Q3_ss723969_s42/checkpoints/checkpoint_best.pt,20845729,3a46e5cbb1ba39d5faa90d8b88140f5401a1ea89e30a22ebc60f3f69eb7d4259
checkpoints,g1_gnn_campinas_Q3_ss756541_s42/checkpoints/checkpoint_best.pt,20845729,6d014243134b42ec64eaffa745aa8d71797cc238bce77b7395971e338bf1cd8c
checkpoints,g1_gnn_campinas_Q3_ss769856_s42/checkpoints/checkpoint_best.pt,20845729,15892504fba957c2282d757adcdb337fc0f7562301e22dd0fdcb464bac2682a6
checkpoints,g1_gnn_campinas_Q3_ss811474_s42/checkpoints/checkpoint_best.pt,20845729,a40ef5d82fb8a132c4d829ad789bcace16794dbee7be37b7041cdd843cbb1824
checkpoints,g1_gnn_campinas_Q3_ss880099_s42/checkpoints/checkpoint_best.pt,20845729,5732ebf35206ef26a5b6e876ae5f54424afe5345b550608055dc98ae456461aa
checkpoints,g1_gnn_campinas_Q3_ss934410_s42/checkpoints/checkpoint_best.pt,20845729,8fa169a464a3f9c9101d8a32e42efc1c77bb3beaa46affe85ba48bc8c8699f10
checkpoints,g1_mlp_bauru_Q1_ss125243_s42/checkpoints/checkpoint_best.pt,17870749,ce0a075b3a65ad68c21b0942df1679e771e77be38b9aadeb2159b4bbde6c8324
checkpoints,g1_mlp_bauru_Q1_ss125243_s43/checkpoints/checkpoint_best.pt,17870749,94bf648b03b2ebc4207429bb83abc4385b98c54fa37cc5e99deb3e206b2c047e
checkpoints,g1_mlp_bauru_Q1_ss125243_s44/checkpoints/checkpoint_best.pt,17870749,dfd58d8e051cb530276779a31d82d75b3916968aa598b57f15d9baf56307dfb8
checkpoints,g1_mlp_bauru_Q1_ss159513_s42/checkpoints/checkpoint_best.pt,17870749,b17125124ec0e0539481346387a31073a4cda6bcf145ee68e41dbc6856dad2bc
checkpoints,g1_mlp_bauru_Q1_ss159513_s43/checkpoints/checkpoint_best.pt,17870749,8ac1bd5add8b0517f3498f9b1629de73096903fe4bafc1586bb879420fdcdc9d
checkpoints,g1_mlp_bauru_Q1_ss159513_s44/checkpoints/checkpoint_best.pt,17870749,40ba2af3f48bb25dc1f874ba9d23f59058c7848a9a3b396c674990c3949d965d
checkpoints,g1_mlp_bauru_Q1_ss198718_s42/checkpoints/checkpoint_best.pt,17870749,cdf97180f98b9624fd88260d9392da3fe280da2d6448df9b5515cf5a6bead97b
checkpoints,g1_mlp_bauru_Q1_ss259492_s42/checkpoints/checkpoint_best.pt,17870749,f37fed7ea4c5361bd532412863e5e62d42f1d6bea4786acc29ecc2e73df299bf
checkpoints,g1_mlp_bauru_Q1_ss282106_s42/checkpoints/checkpoint_best.pt,17870749,445a4ac5e05443747720f7d2346a23278662ddc13bc0961f2c49dc088eb0cd44
checkpoints,g1_mlp_bauru_Q1_ss29675_s42/checkpoints/checkpoint_best.pt,17870749,4a03fc03dbd849a0bc0d8aec1915edf2b0ae14749ee00f7ba1a65ed9e5903617
checkpoints,g1_mlp_bauru_Q1_ss387379_s42/checkpoints/checkpoint_best.pt,17870749,d3d1cb9c4288c571a33bc46ad6cc89e58defee233c429a66d44a0662c808dcd9
checkpoints,g1_mlp_bauru_Q1_ss508734_s42/checkpoints/checkpoint_best.pt,17870749,6f92b41d3bd27e1b1708799a85fbec73eff60b383539c46af5319c3569f342d6
checkpoints,g1_mlp_bauru_Q1_ss535105_s42/checkpoints/checkpoint_best.pt,17870749,a1e00ff756bdfd494dd74fd9ac3eb88cd462a7e0a9a44be9c525b08fab4ed6b8
checkpoints,g1_mlp_bauru_Q1_ss546703_s42/checkpoints/checkpoint_best.pt,17870749,f0930ef65f792ba89787d8c4ef490a72560ecdf4b0a5208a98a2af7c09c14d60
checkpoints,g1_mlp_bauru_Q1_ss54892_s42/checkpoints/checkpoint_best.pt,17870749,550d4ec886fb9770929a454efdb8e93bf9c23c6908006de28feaeb960a18a29e
checkpoints,g1_mlp_bauru_Q1_ss54892_s43/checkpoints/checkpoint_best.pt,17870749,9e452a9f0c1e1292a39cc19460a09355dbfb36bf1f6c7df2489717851d4be311
checkpoints,g1_mlp_bauru_Q1_ss54892_s44/checkpoints/checkpoint_best.pt,17870749,67e3360279262dcec3a6e9125b8df8da4cfef9a00cb894e333009bbfbd9f2e42
checkpoints,g1_mlp_bauru_Q1_ss676375_s42/checkpoints/checkpoint_best.pt,17870749,15ec55f1db0e515b46dda1167fd9f2b484925fb44cf63ea55a08e69937fedd37
checkpoints,g1_mlp_bauru_Q1_ss684965_s42/checkpoints/checkpoint_best.pt,17870749,e2327e336a4bb482809cb5c9c3623d09a758ea3f5fd5f93968c603cf8a13bc09
checkpoints,g1_mlp_bauru_Q1_ss723969_s42/checkpoints/checkpoint_best.pt,17870749,aefb33408059f2e522fd15392f275102ea0519bd01e94308524686ca2034c7e7
checkpoints,g1_mlp_bauru_Q1_ss739191_s42/checkpoints/checkpoint_best.pt,17870749,498bbaaa85a119e32343660140de2f24350eefcf4cf115efbab41c4669bd065d
checkpoints,g1_mlp_bauru_Q1_ss756541_s42/checkpoints/checkpoint_best.pt,17870749,67ea71a68208e7e96df764deb348a9eb0c4afb9989954b6e9fe94cc5902e0490
checkpoints,g1_mlp_bauru_Q1_ss769856_s42/checkpoints/checkpoint_best.pt,17870749,5143a7ba54cda0e6552ec31203b8e5779191fb2459dea43bb516ac01a61acc5b
checkpoints,g1_mlp_bauru_Q1_ss811474_s42/checkpoints/checkpoint_best.pt,17870749,a708e3d9c8240c7ae277812b326ee924548525c108de7dfd57d4a1fb79d05566
checkpoints,g1_mlp_bauru_Q1_ss811474_s43/checkpoints/checkpoint_best.pt,17870749,aa150400ef1ff4d445a7acac19ec098c712bc5fa1e9cd21338f7215610eb900d
checkpoints,g1_mlp_bauru_Q1_ss811474_s44/checkpoints/checkpoint_best.pt,17870749,35489309d7e4283eba12317417cca2170d84505d8da3a4e2ac6a9b087f91908f
checkpoints,g1_mlp_bauru_Q1_ss880099_s42/checkpoints/checkpoint_best.pt,17870749,ec103114d405f7744a750599960630e2a97df715b5a96ce0c576f5f8f43dce3c
checkpoints,g1_mlp_bauru_Q1_ss880099_s43/checkpoints/checkpoint_best.pt,17870749,57e19beaa9479fe136cab08486e1c7e60f08aaecb75fef85f580051c5fe89088
checkpoints,g1_mlp_bauru_Q1_ss880099_s44/checkpoints/checkpoint_best.pt,17870749,5ada60a23bd09bed1325931dd3597119ce0b2b824344d829e08d1e7975da4c81
checkpoints,g1_mlp_bauru_Q1_ss934410_s42/checkpoints/checkpoint_best.pt,17870749,fe020dd25c35e71288ee4b797a3600a2ece07da4ea57d9af2e6a8b62dfd8b8e1
checkpoints,g1_mlp_bauru_Q3_ss159513_s42/checkpoints/checkpoint_best.pt,17870749,e0d8a3505236007dc50c97f1b59027b5feb0d48dbca615c40fee3f64a80163a3
checkpoints,g1_mlp_bauru_Q3_ss198718_s42/checkpoints/checkpoint_best.pt,17870749,3b3785eee242706cc426787e4e153f446f35d12cd311ae580271acc68646bf81
checkpoints,g1_mlp_bauru_Q3_ss259492_s42/checkpoints/checkpoint_best.pt,17870749,c8b7e31082bc8648149668e6f897256b942831bcbf3f937f0440f54e4da5e9b9
checkpoints,g1_mlp_bauru_Q3_ss29675_s42/checkpoints/checkpoint_best.pt,17870749,86d921f5a60145d3ec881f83a483f0dc66ad2d99be3611b937c4f7f23ddba825
checkpoints,g1_mlp_bauru_Q3_ss387379_s42/checkpoints/checkpoint_best.pt,17870749,8d242918bc6f9af7705fe9d272bfbce673c68dd2bae3787f3bc1b81e06972ffe
checkpoints,g1_mlp_bauru_Q3_ss508734_s42/checkpoints/checkpoint_best.pt,17870749,9dbd8108217e3a32a8d8c975bf13ef2d295639eaed2f8ad6712c2cb5cce1d3db
checkpoints,g1_mlp_bauru_Q3_ss535105_s42/checkpoints/checkpoint_best.pt,17870749,aee7aec07f13ad181069aed0b37983afdf9d0f9c7cbb899cec709000a9cd72fd
checkpoints,g1_mlp_bauru_Q3_ss546703_s42/checkpoints/checkpoint_best.pt,17870749,4b337134f86601e570f127fb0c443fe17822d27317eb4856340414e188a0ada7
checkpoints,g1_mlp_bauru_Q3_ss54892_s42/checkpoints/checkpoint_best.pt,17870749,026541c0d14d9b8834da66bbd007c837a0e53e66b4ea11f1933732ebee68936c
checkpoints,g1_mlp_bauru_Q3_ss676375_s42/checkpoints/checkpoint_best.pt,17870749,81a625ccaa1d76bc6ec1a6043e92f75cc65ab2e3d169a7a610ff38065ea51e89
checkpoints,g1_mlp_bauru_Q3_ss684965_s42/checkpoints/checkpoint_best.pt,17870749,03041ad2a0fa4c0a6fd14d0ad0fc7342ac33c02026e07c812f4e99c50ed55c88
checkpoints,g1_mlp_bauru_Q3_ss723969_s42/checkpoints/checkpoint_best.pt,17870749,74891c0e3009b8b070903b4613f1b6dda46ffe73efbd6d126c1c69dc08366869
checkpoints,g1_mlp_bauru_Q3_ss756541_s42/checkpoints/checkpoint_best.pt,17870749,d02280646d5ff985a71db24c937faf9ceedee2f274651a43f0368fd6fa7427b4
checkpoints,g1_mlp_bauru_Q3_ss811474_s42/checkpoints/checkpoint_best.pt,17870749,3ba0ecfd746983eb3d9546c8167176cd4af1270118b63653e4e683cf1b0b925a
checkpoints,g1_mlp_bauru_Q3_ss880099_s42/checkpoints/checkpoint_best.pt,17870749,05a864d8b535b216ec3639c702bf93a53f782c43b26aed9eae3a629cffef7c3d
checkpoints,g1_mlp_bauru_Q3_ss934410_s42/checkpoints/checkpoint_best.pt,17870749,2c8f0e56200985524bb52d08a9547c21459450570055b258a2b8fb6a737e9396
checkpoints,g1_mlp_campinas_Q1_ss125243_s42/checkpoints/checkpoint_best.pt,17870813,22bdd225a72f3c2659996eddaecac1df52b0db26617d9f5171d84de9cd371b06
checkpoints,g1_mlp_campinas_Q1_ss125243_s43/checkpoints/checkpoint_best.pt,17870813,85a14554736af7283cffe3fb849bb0b720c5efbfa64a96f014e81bb7213fd9c4
checkpoints,g1_mlp_campinas_Q1_ss125243_s44/checkpoints/checkpoint_best.pt,17870813,52df1a9842d167b78383820193549e166d3da02bd8ad0a29718f14857cab9e78
checkpoints,g1_mlp_campinas_Q1_ss159513_s42/checkpoints/checkpoint_best.pt,17870813,eba0ef4df2063fa5434e77542d10cd23b1067031f3db03a7fb54ffb74061df89
checkpoints,g1_mlp_campinas_Q1_ss159513_s43/checkpoints/checkpoint_best.pt,17870813,53f218d7381d1873794b504ecf54a686e9ef0c4eac86796850170d93b4d39acf
checkpoints,g1_mlp_campinas_Q1_ss159513_s44/checkpoints/checkpoint_best.pt,17870813,923d6f895efc9e5cfc38d4752a843072f5d983cfc0501e8037a04d27bfad6676
checkpoints,g1_mlp_campinas_Q1_ss198718_s42/checkpoints/checkpoint_best.pt,17870813,19b5d7ed356d5d35aea489f1cfa49fb54798c0d96a3314b78c0f71848a11013d
checkpoints,g1_mlp_campinas_Q1_ss259492_s42/checkpoints/checkpoint_best.pt,17870813,0a3fb2f459309e2274a223cc0a874986dd98b9aeca48ab64fa3ee51911904947
checkpoints,g1_mlp_campinas_Q1_ss259492_s43/checkpoints/checkpoint_best.pt,17870813,2a6ac1c725ec5bfa85e42605d49d04fcb8e9d6d98655bf0450db07a748b99404
checkpoints,g1_mlp_campinas_Q1_ss259492_s44/checkpoints/checkpoint_best.pt,17870813,65a0e78d25b08e7aa0b65b526bf9a1975b377baac39c6840333e1ac888309f95
checkpoints,g1_mlp_campinas_Q1_ss282106_s42/checkpoints/checkpoint_best.pt,17870813,f52d909da0fe5b0c16e2f56be25d4bbd4d697254e6d84ae81faa5e9d4abe2a31
checkpoints,g1_mlp_campinas_Q1_ss29675_s42/checkpoints/checkpoint_best.pt,17870813,5bfef1e041b91a5281d848163b40e8a8a02bf56a2c88d8bffa6e1af00b05228f
checkpoints,g1_mlp_campinas_Q1_ss29675_s43/checkpoints/checkpoint_best.pt,17870813,5e5a306694e2f09680c351ed7f3704c3bbcf15b07a0e3bfa4d80a45d29720eaa
checkpoints,g1_mlp_campinas_Q1_ss29675_s44/checkpoints/checkpoint_best.pt,17870813,2b486f1786066ae3a0eac2841cdcf7a19cc29385586b662a65e8ff33edce2e18
checkpoints,g1_mlp_campinas_Q1_ss387379_s42/checkpoints/checkpoint_best.pt,17870813,7dd4dae6ad6128716d9959e8e4d76a5ce0649b8564c3357123264ab12d963ad3
checkpoints,g1_mlp_campinas_Q1_ss387379_s43/checkpoints/checkpoint_best.pt,17870813,190a88dd89e0254426225dc82841737c07b29bc72a3323696d55b5a1c1e11358
checkpoints,g1_mlp_campinas_Q1_ss387379_s44/checkpoints/checkpoint_best.pt,17870813,cae7d083c72e021396ea11f2acaf63c8595a0e820c665f7058834aeb6e64852b
checkpoints,g1_mlp_campinas_Q1_ss508734_s42/checkpoints/checkpoint_best.pt,17870813,0e82058449c99d301cbed8976be90ab7d23615de74fde62307f22e6530eaf83b
checkpoints,g1_mlp_campinas_Q1_ss535105_s42/checkpoints/checkpoint_best.pt,17870813,48b3e2a1524f9ac1f0f43514de08de36e9aa387dead9876e815baa66f05dbd21
checkpoints,g1_mlp_campinas_Q1_ss546703_s42/checkpoints/checkpoint_best.pt,17870813,388450a1b46e38b018434bb1cd82b2026a265d9f2ea7a278c925cacd1f550daa
checkpoints,g1_mlp_campinas_Q1_ss54892_s42/checkpoints/checkpoint_best.pt,17870813,0a6f2c5e3921bcd5d49f2ea02c02705489c62cc4129b0d9e84de01d23e240052
checkpoints,g1_mlp_campinas_Q1_ss54892_s43/checkpoints/checkpoint_best.pt,17870813,38534175ea0b6e55692d470415aceb6ddbaff014a0b7b8c75a5bd51f4bd6964e
checkpoints,g1_mlp_campinas_Q1_ss54892_s44/checkpoints/checkpoint_best.pt,17870813,f6c39c9d7970be4f016a4fb46c6e5d4b7613d5530a1c7002816ebe650e3542b8
checkpoints,g1_mlp_campinas_Q1_ss676375_s42/checkpoints/checkpoint_best.pt,17870813,ce0e4c485d629b32e4dbee32392e3f5d6fc2c5639e17a04f5a911877bb3f019c
checkpoints,g1_mlp_campinas_Q1_ss676375_s43/checkpoints/checkpoint_best.pt,17870813,a55adc89a1012a89068d2deb8b2202d56bbf67f68f66e8afe6054a7e04d260f5
checkpoints,g1_mlp_campinas_Q1_ss676375_s44/checkpoints/checkpoint_best.pt,17870813,304df13ab64040bbfe8aa1f531c769acd383c1c1196768265760eff2cef7c186
checkpoints,g1_mlp_campinas_Q1_ss684965_s42/checkpoints/checkpoint_best.pt,17870813,0cab610a8b257f44d6510aa205ae2406487a355846857d49118632f7dc1dfe23
checkpoints,g1_mlp_campinas_Q1_ss723969_s42/checkpoints/checkpoint_best.pt,17870813,439be497f926a58b74b2d631aff6512577b1212e38fe3fa3b09291f6a08264ad
checkpoints,g1_mlp_campinas_Q1_ss739191_s42/checkpoints/checkpoint_best.pt,17870813,4484085a8bf9e3dbdb793fc234e89580fd54c189dee8dbfece198492b5314094
checkpoints,g1_mlp_campinas_Q1_ss739191_s43/checkpoints/checkpoint_best.pt,17870813,110113d8dc1a40fd7289fd3521755d9c08e79fe169073937cfc04c35c481d4e1
checkpoints,g1_mlp_campinas_Q1_ss739191_s44/checkpoints/checkpoint_best.pt,17870813,7b2cee226ec3955c9df98524a519d7475cf65571e1a06867044292e183b9fa04
checkpoints,g1_mlp_campinas_Q1_ss756541_s42/checkpoints/checkpoint_best.pt,17870813,89d1aee3059150dcfac15a9a568c708cf6f57e68ae915140ef56d0734247b9ad
checkpoints,g1_mlp_campinas_Q1_ss769856_s42/checkpoints/checkpoint_best.pt,17870813,ec06223681ea57d6726e22eae1a62f433865e072da0a12bd09109c4791985ac9
checkpoints,g1_mlp_campinas_Q1_ss811474_s42/checkpoints/checkpoint_best.pt,17870813,3f2691deacc9ed0c1ec95bc3454d428c576532da1017ba4705f90f0d61acbb1b
checkpoints,g1_mlp_campinas_Q1_ss811474_s43/checkpoints/checkpoint_best.pt,17870813,ce0555d642b598d88b0d0f853ec7ec21e5fdedc1fa00376c1a5dd07295ad0fd4
checkpoints,g1_mlp_campinas_Q1_ss811474_s44/checkpoints/checkpoint_best.pt,17870813,c3ffe6add12d6f0280f2c2094bc56d8405daab2f3b449da37a34ccbca832077e
checkpoints,g1_mlp_campinas_Q1_ss880099_s42/checkpoints/checkpoint_best.pt,17870813,545a621143b9bb0de0296a1caeabe217ccea2b0ad02bdf9b018926affd26964e
checkpoints,g1_mlp_campinas_Q1_ss880099_s43/checkpoints/checkpoint_best.pt,17870813,1cbcc443f9c82d9dcd0ce36836b64b5435b61d8377381cf680cded8df02ab51a
checkpoints,g1_mlp_campinas_Q1_ss880099_s44/checkpoints/checkpoint_best.pt,17870813,170ae5783a97ebb13df095e667fffcbca2828f631cc3098ef77122a098dc503d
checkpoints,g1_mlp_campinas_Q1_ss934410_s42/checkpoints/checkpoint_best.pt,17870813,4c6494cb111e9946ccd8fe592c90aec4454d9b842a9a372ce5bd1ab30eca815f
checkpoints,g1_mlp_campinas_Q3_ss125243_s42/checkpoints/checkpoint_best.pt,17870813,e0bb4541698aac8ad5e2f72af76f590aee82f481766aef21bddeef7f0f5e5cbb
checkpoints,g1_mlp_campinas_Q3_ss159513_s42/checkpoints/checkpoint_best.pt,17870813,17cc6e0395e424e1a9504ed49a134b9e85e93fec06ef1c5752710294f7411a2f
checkpoints,g1_mlp_campinas_Q3_ss198718_s42/checkpoints/checkpoint_best.pt,17870813,1f7d17421f475aef92057d1db3ef1e820661173937417aff7c02c01e6821d87b
checkpoints,g1_mlp_campinas_Q3_ss259492_s42/checkpoints/checkpoint_best.pt,17870813,d23b508971a3d2fb86c0b99fbee8a164b1a8453ed325ebcfebca3070fa3c7b54
checkpoints,g1_mlp_campinas_Q3_ss282106_s42/checkpoints/checkpoint_best.pt,17870813,2a4c3ab855515b10a81b34069611863b062d0328eeeee7b84cc9f219d869aec3
checkpoints,g1_mlp_campinas_Q3_ss29675_s42/checkpoints/checkpoint_best.pt,17870813,cf7d4ec5c18d2e8875753dc25d8bcd5f0dc2683d52473559cfce53679b314226
checkpoints,g1_mlp_campinas_Q3_ss387379_s42/checkpoints/checkpoint_best.pt,17870813,10cae4c03b264f4e78430d4ed559026ef589ea12b0d32f6f62e56951a3a3ba44
checkpoints,g1_mlp_campinas_Q3_ss508734_s42/checkpoints/checkpoint_best.pt,17870813,3e180d678e3bdb7c86356d9698d68bdfbba102c306c50de23b262f6f73a14632
checkpoints,g1_mlp_campinas_Q3_ss535105_s42/checkpoints/checkpoint_best.pt,17870813,455faacd393803f0ffbbb839c06cec0918748430810d04d1a3be9e9350562469
checkpoints,g1_mlp_campinas_Q3_ss546703_s42/checkpoints/checkpoint_best.pt,17870813,9896e855ec085b6310acc68f2fa082ba8e6d860600add5e4083edebf08ad5a57
checkpoints,g1_mlp_campinas_Q3_ss54892_s42/checkpoints/checkpoint_best.pt,17870813,7d5f358beda79c0251a2f812135540cab6121825f53e39b09fae7adf01bbe2ce
checkpoints,g1_mlp_campinas_Q3_ss676375_s42/checkpoints/checkpoint_best.pt,17870813,98576ce1373afb5396f1b9a842b826625026a3670621d126a64e2ac9aff53f8b
checkpoints,g1_mlp_campinas_Q3_ss684965_s42/checkpoints/checkpoint_best.pt,17870813,72320aeebc4b6467490ccf563884790e618e5d0ff66e676c76145a7db983ee35
checkpoints,g1_mlp_campinas_Q3_ss723969_s42/checkpoints/checkpoint_best.pt,17870813,cb8fc0786c487f7a6815a63b196eb1a31dde561769d6e631465d45629927fe40
checkpoints,g1_mlp_campinas_Q3_ss756541_s42/checkpoints/checkpoint_best.pt,17870813,7177c762ecbce52a8d8db781475bbae3eb1a28137711a06f898d076195dcbd42
checkpoints,g1_mlp_campinas_Q3_ss769856_s42/checkpoints/checkpoint_best.pt,17870813,48934a38c0ba3005396ff04570ea4dc42f5564f9930b0ea552f5b9b46ddac213
checkpoints,g1_mlp_campinas_Q3_ss811474_s42/checkpoints/checkpoint_best.pt,17870813,3813449eb6681b5db3a7a9e1c3cc974cb56b8a4d4d4218ba815c0b536f033c09
checkpoints,g1_mlp_campinas_Q3_ss880099_s42/checkpoints/checkpoint_best.pt,17870813,178ee8e78a9242528ff091a67fdcfe953ef0d98ee089451720741a35cf6136b0
checkpoints,g1_mlp_campinas_Q3_ss934410_s42/checkpoints/checkpoint_best.pt,17870813,8fc0e9ee6fd4f9e0ea8387c23e1e16b9c41629d6679a7f5afe2b445c0ae86a56
checkpoints,gnn_v3_a2c_bauru_Q1_rep1/checkpoints/checkpoint_best.pt,20845665,e68fb34dd15d676a75a0e2d832329e1e64b838c9d1668fca795c15b27325b004
checkpoints,gnn_v3_a2c_bauru_Q1_rep2/checkpoints/checkpoint_best.pt,20845665,c410b95521efbcc667a95940ff410b39bcbbe8dafd10c2a71499157c42337edc
checkpoints,gnn_v3_a2c_lins_Q1_rep1/checkpoints/checkpoint_best.pt,20845665,67d5ec06ab6447362be561652ec48641a6800f8390c68980d3525d547dd9ea2b
checkpoints,gnn_v3_a2c_lins_Q1_rep2/checkpoints/checkpoint_best.pt,20845665,845cf80e10fbff1cf054c7975941be81be829066c799af30320e7a390356e401
checkpoints,gnn_v3_a3_bauru_Q1_s42/checkpoints/checkpoint_best.pt,20845665,6be1f33f6ccfd59cee7e29ac615effa7e22019ce873b6be65a934e34f1b025f7
checkpoints,gnn_v3_a3_bauru_Q1_s43/checkpoints/checkpoint_best.pt,20845665,efaf7427d7b1b76725b4efe03b6ffccf6a9e3d245728e17fecc93acc2a2bd8f0
checkpoints,gnn_v3_a3_bauru_Q1_s44/checkpoints/checkpoint_best.pt,20845665,b7a2bb1ef2375ed7428e6681c6a622e9fd8278b83a3f659626e579ee1477e586
checkpoints,gnn_v3_a3_bauru_Q1_s45/checkpoints/checkpoint_best.pt,20845665,39fc62e04f7cec0cdb789f6afc84d6641fa9d6c92356c0453de7531900d16131
checkpoints,gnn_v3_a3_bauru_Q1_s46/checkpoints/checkpoint_best.pt,20845665,7694567ae1bdc54aa1ef1017924ef8bb5c76f3075dd64b819e22e73d59b57076
checkpoints,gnn_v3_a3_bauru_Q3_s42/checkpoints/checkpoint_best.pt,20845665,705d625ee3427e947f6e988561ef5d54d8ed69b090a1f867307fb63a8db2f002
checkpoints,gnn_v3_a3_bauru_Q3_s43/checkpoints/checkpoint_best.pt,20845665,dfd6ae83bd46b3cf63527c769f0684707e79148890c866d2d3f6f10db51a065c
checkpoints,gnn_v3_a3_bauru_Q3_s44/checkpoints/checkpoint_best.pt,20845665,b74512a523c2b94695acbac8a1057748d0cb48038f517f8cad436df40783a559
checkpoints,gnn_v3_a3_bauru_Q3_s45/checkpoints/checkpoint_best.pt,20845665,e096f52e237c6cba4366f151f92061b3f15817e965047c2400743e8bed383ad7
checkpoints,gnn_v3_a3_bauru_Q3_s46/checkpoints/checkpoint_best.pt,20845665,b2e6acc23590c2436c6527c1e2b61dcbb3537594cfbcf3a67a21a1d912af6f09
checkpoints,gnn_v3_a3_campinas_Q1_s42/checkpoints/checkpoint_best.pt,20845665,91eefd2cfdb3941b753161b6db55dbd20da27ce77efab00f5c38e09e70edfc37
checkpoints,gnn_v3_a3_campinas_Q1_s43/checkpoints/checkpoint_best.pt,20845665,29f55b367949eea21de7812bd7b0d155f1551c93d95141b4165ef995d5e77abf
checkpoints,gnn_v3_a3_campinas_Q1_s44/checkpoints/checkpoint_best.pt,20845665,342a392b9f8c528340f8d8573250946d34c8dad390311aaf27a005abd01dab8e
checkpoints,gnn_v3_a3_campinas_Q1_s45/checkpoints/checkpoint_best.pt,20845665,ffb39b7baf700278f0e23dec4a3d4b2d9000d35aaf1ffec08b7a747c3ec16487
checkpoints,gnn_v3_a3_campinas_Q1_s46/checkpoints/checkpoint_best.pt,20845665,9a77f5cd39142be1034b638838187a9e2d925b167ab4435078a2a5d4097be7b6
checkpoints,gnn_v3_a3_campinas_Q3_s42/checkpoints/checkpoint_best.pt,20845665,8558909e252ab2570ea564c8f4744caeac0b184cd91c91ba8392ef3734a0328b
checkpoints,gnn_v3_a3_campinas_Q3_s43/checkpoints/checkpoint_best.pt,20845665,0916b04b6d02d329b428cdd8cb4af08688f02a97ef14094f05d5d62cd44daad8
checkpoints,gnn_v3_a3_campinas_Q3_s44/checkpoints/checkpoint_best.pt,20845665,99226a263059d13a8821de16013dc595754f752c9db6d33fda16dec807282e40
checkpoints,gnn_v3_a3_campinas_Q3_s45/checkpoints/checkpoint_best.pt,20845665,048b7ec77169144d9a89bb0707ccedc5ea74bd651795d85ec2ed464bedb96cb9
checkpoints,gnn_v3_a3_campinas_Q3_s46/checkpoints/checkpoint_best.pt,20845665,042c0e36eb063f0fca8c98f6387dd26f797ad89986857635a41f57fada26d8c0
checkpoints,gnn_v3_a3_lins_Q1_s42/checkpoints/checkpoint_best.pt,20845665,55b5fc9b08a2ecf3f76b0d5d209ba8362907079b3750658e73cfb98fc1587e44
checkpoints,gnn_v3_a3_lins_Q1_s43/checkpoints/checkpoint_best.pt,20845665,5caac19ef4d1d3c14ee23e83fa60aa48ddb64c454c6de4081f34498d78750bb7
checkpoints,gnn_v3_a3_lins_Q1_s44/checkpoints/checkpoint_best.pt,20845665,da8727ed7fc1a31bd4dd4f35a84ed539a5bacbd631a7ab45a00cb593cb4e606f
checkpoints,gnn_v3_a3_lins_Q1_s45/checkpoints/checkpoint_best.pt,20845665,6a8519e9066c899b285a80d56ef59d1ca74a5e1acd0a347a5447e183e5ba13bd
checkpoints,gnn_v3_a3_lins_Q1_s46/checkpoints/checkpoint_best.pt,20845665,146da00ff5256da255c0b015f020d1487f53b34bfbe42fd160996a31c98b90c2
checkpoints,gnn_v3_a3_lins_Q3_s42/checkpoints/checkpoint_best.pt,20845665,f162ba181dc77b1fd092960383cec22e315874cf3fd549fd4bca87632f1d7224
checkpoints,gnn_v3_a3_lins_Q3_s43/checkpoints/checkpoint_best.pt,20845665,af305ddbcf8144fb7e0089a5fbd946a200a2e63bdc44adc06cf475641ecdd373
checkpoints,gnn_v3_a3_lins_Q3_s44/checkpoints/checkpoint_best.pt,20845665,2f2de1ac08802aefbf88a61cbb1683dff2c6c8648c7f02df33960227a8f16d23
checkpoints,gnn_v3_a3_lins_Q3_s45/checkpoints/checkpoint_best.pt,20845665,3595b250a064bb2dc8817d45f121e7c08934f96971f64744ea33218d32744972
checkpoints,gnn_v3_a3_lins_Q3_s46/checkpoints/checkpoint_best.pt,20845665,0b37d4194ea34147886509d7ee85e73ff58e3c18eed092e8dfae8b65de93ca3d
checkpoints,gnn_v3_a3_sorocaba_Q1_s42/checkpoints/checkpoint_best.pt,20845665,ca183fe9a43b60d222abb6a95cd748b44403ecea7038eaab2e79c8c3da293d1f
checkpoints,gnn_v3_a3_sorocaba_Q1_s43/checkpoints/checkpoint_best.pt,20845665,5166c286acec2d6bdd7d39b15897c1b0e6958668576c1f0b30d90daf362cffa3
checkpoints,gnn_v3_a3_sorocaba_Q1_s44/checkpoints/checkpoint_best.pt,20845665,c6dea097ceded73d3eccac1b6e6c2ff0d53fb6cb5523764dc9d0663d8a737c63
checkpoints,gnn_v3_a3_sorocaba_Q1_s45/checkpoints/checkpoint_best.pt,20845665,daa43ca916d6b78d547d10278601a65b680d69883bcad5f32783911bc81ef6ef
checkpoints,gnn_v3_a3_sorocaba_Q1_s46/checkpoints/checkpoint_best.pt,20845665,5811ad246234829d49cd2894664192492ba31be95386499fc20dd9ce4f3815d4
checkpoints,gnn_v3_a3_sorocaba_Q3_s42/checkpoints/checkpoint_best.pt,20845665,1c8448b15d75ef243a1434adde0c692914de2357cd3a1d012d8e9315f4b59c2c
checkpoints,gnn_v3_a3_sorocaba_Q3_s43/checkpoints/checkpoint_best.pt,20845665,0ea9c40804c9b7eb11319c0153e970159677da275e320334b5893e9cb7dcfc6e
checkpoints,gnn_v3_a3_sorocaba_Q3_s44/checkpoints/checkpoint_best.pt,20845665,47f8841850379f31b551f99f5941b578e03fbe26e6df40b15be022ed97c0e3e4
checkpoints,gnn_v3_a3_sorocaba_Q3_s45/checkpoints/checkpoint_best.pt,20845665,0673e94ad8ba89ca4979513fb166a8c826a17a15608d7e2a3b0b657b75ac6c7b
checkpoints,gnn_v3_a3_sorocaba_Q3_s46/checkpoints/checkpoint_best.pt,20845665,2e66d72fcc09ebc7ea97ed3fe76f181f39d003f41de110613529774185dce3c9
checkpoints,gnn_v3_a4_bauru_Q1_ss101/checkpoints/checkpoint_best.pt,20845665,c9388a711b4023b45f865f38bd15ea63154b5c0ab8139030ba9c66f3213c6e57
checkpoints,gnn_v3_a4_bauru_Q1_ss102/checkpoints/checkpoint_best.pt,20845665,c3a600e99d36a5202e132f2f26b693bcf336fc2dc44a3018e7f66ed9e9fd851a
checkpoints,gnn_v3_a4_bauru_Q1_ss103/checkpoints/checkpoint_best.pt,20845665,deb69a125b531868a2b145dd1f8f9b32e06fc1bec72d2dea0d766f0af0cb9fae
checkpoints,gnn_v3_a4_bauru_Q1_ss104/checkpoints/checkpoint_best.pt,20845665,850092e382dac362496154b9242b594bbbefc1c41d225f86fae8f0656bb3701b
checkpoints,gnn_v3_a4_bauru_Q1_ss105/checkpoints/checkpoint_best.pt,20845665,5cb56c4caa5a2aab360e9d22452506ce482dbd63ee2d45971ce2080d6b39ec71
checkpoints,gnn_v3_a4_bauru_Q2_ss101/checkpoints/checkpoint_best.pt,20845665,2cf9c9a3c12015fae241a5100b216a482c4b6a6f03de1cd4e68db7ef066bcd19
checkpoints,gnn_v3_a4_bauru_Q2_ss102/checkpoints/checkpoint_best.pt,20845665,cd819bde5aaf94c74013b3ed7f49478db7e0670ac402833e83d79f2d73662414
checkpoints,gnn_v3_a4_bauru_Q2_ss103/checkpoints/checkpoint_best.pt,20845665,ed47b484e9e0c4ec05e1c10368e563026051f2376becd0b8af7273f3cd7200b4
checkpoints,gnn_v3_a4_bauru_Q2_ss104/checkpoints/checkpoint_best.pt,20845665,93d49da9735fb5d05e876952056bc144d0623f9f3d4fb97a42fa78b01b28db76
checkpoints,gnn_v3_a4_bauru_Q2_ss105/checkpoints/checkpoint_best.pt,20845665,0ab7758e2849a6b4be3f1cbc659be1e713d311af180c17a82a9300577b07503c
checkpoints,gnn_v3_a4_bauru_Q3_ss101/checkpoints/checkpoint_best.pt,20845665,c2784f6e442e3d835d50f574b3001ee6c2894e668b4bbd9ff8893a86b146434b
checkpoints,gnn_v3_a4_bauru_Q3_ss102/checkpoints/checkpoint_best.pt,20845665,3a9f817aede7576861bb416b73f94d295e14b11c1e4127c941cb109909b94f1e
checkpoints,gnn_v3_a4_bauru_Q3_ss103/checkpoints/checkpoint_best.pt,20845665,7fa57dd217d16a5089967575ae6721aed4c12f91291bd4c5b4314f351adbeebd
checkpoints,gnn_v3_a4_bauru_Q3_ss104/checkpoints/checkpoint_best.pt,20845665,74cc0204a6537e3f7d1f075a2debd2108fb9632fe266ee427e353d298c57e4af
checkpoints,gnn_v3_a4_bauru_Q3_ss105/checkpoints/checkpoint_best.pt,20845665,286ef7e1564fa7a6e27568757adeff9d321f0dc9953df8e319dcdd3ce1af570e
checkpoints,gnn_v3_a4_bauru_Q4_ss101/checkpoints/checkpoint_best.pt,20845665,a4b8270d22bec84628ae333e85ab3df6c5560b63daab8f5be331262f12fa51f1
checkpoints,gnn_v3_a4_bauru_Q4_ss102/checkpoints/checkpoint_best.pt,20845665,0c3dc47f666a94618d098ac6f7a749177c8ee3024710ab10a9f9107bb6436e05
checkpoints,gnn_v3_a4_bauru_Q4_ss103/checkpoints/checkpoint_best.pt,20845665,7e7b16abd34840c99a6429671d436d4df8d81b6ed490f573c710d9408655e136
checkpoints,gnn_v3_a4_bauru_Q4_ss104/checkpoints/checkpoint_best.pt,20845665,8bc4aea8a10375a263d448190525ded75d4ce0b98bc96cbb3f8613075e277484
checkpoints,gnn_v3_a4_bauru_Q4_ss105/checkpoints/checkpoint_best.pt,20845665,1f391823f7f31f17a4967769db02f3ca1e1ed9c128bb3abe2f07dfd4a9d037a6
checkpoints,mlp_v3_a2c_bauru_Q1_rep1/checkpoints/checkpoint_best.pt,17870749,5a076def0b712a3be9f57d5fef981403de04fadffe53e234b6e3561a14761ab6
checkpoints,mlp_v3_a2c_bauru_Q1_rep2/checkpoints/checkpoint_best.pt,17870749,10c17729acf9ec220739b2ba243d8ae68a040ba682e11426381fe94bbcd1f798
checkpoints,mlp_v3_a2c_lins_Q1_rep1/checkpoints/checkpoint_best.pt,17870749,b4f74fe7ae30fb578ebc73f163ff6e9eb7ca4a2501ddf6a189c717def0a91d01
checkpoints,mlp_v3_a2c_lins_Q1_rep2/checkpoints/checkpoint_best.pt,17870749,c85a02337cb61a73bc7e99ee59af491f4c2bb22d18add82081a1661cc0ea1493
checkpoints,mlp_v3_a3_bauru_Q1_s42/checkpoints/checkpoint_best.pt,17870749,0c621ad3beeb5efc93ffa9a1f64b16e1e691a512e9886f621dae7f1104245d72
checkpoints,mlp_v3_a3_bauru_Q1_s43/checkpoints/checkpoint_best.pt,17870749,d44974f43231f40b5685618c03c8eafbcfd4cfefd3352168fa90cc2a65aff91d
checkpoints,mlp_v3_a3_bauru_Q1_s44/checkpoints/checkpoint_best.pt,17870749,49d07e7e7b0358906360307903911760aab70f5e1424bea0989db3ab1b660003
checkpoints,mlp_v3_a3_bauru_Q1_s45/checkpoints/checkpoint_best.pt,17870749,54cde236af7bb620305d7aa99c85e3b0f2cdc5cc4ebb16ae61e84393e46cf0c8
checkpoints,mlp_v3_a3_bauru_Q1_s46/checkpoints/checkpoint_best.pt,17870749,07e2b132859f9b130d891384d32cb22ea5fcc5bb924cf5339b903e9304e3e0b7
checkpoints,mlp_v3_a3_bauru_Q3_s42/checkpoints/checkpoint_best.pt,17870749,aba1b9f27172039334d9ef9246f74ece6a38146fcb47c8fa606c7fca391bd678
checkpoints,mlp_v3_a3_bauru_Q3_s43/checkpoints/checkpoint_best.pt,17870749,a58ad2aa13c2519cefa4832cceb05a0ed0be3d9fe868a0ef055367e9f1547582
checkpoints,mlp_v3_a3_bauru_Q3_s44/checkpoints/checkpoint_best.pt,17870749,5811539fe6eb47bc069a7a52c016e843731b2df0404169928fc72b18e64b98db
checkpoints,mlp_v3_a3_bauru_Q3_s45/checkpoints/checkpoint_best.pt,17870749,2aa9947b3e46f6f24ea6410106635d19763df0e42e34c865a6c98ce7fe9f5635
checkpoints,mlp_v3_a3_bauru_Q3_s46/checkpoints/checkpoint_best.pt,17870749,640f2abdc11044a7f88d43a2d523e76fb4b237eb2052159d1ee099a9ce974853
checkpoints,mlp_v3_a3_campinas_Q1_s42/checkpoints/checkpoint_best.pt,17870749,672596b8f3bc8b85f06e80d625839933fa56435219ce5546e2799a2547bb229e
checkpoints,mlp_v3_a3_campinas_Q1_s43/checkpoints/checkpoint_best.pt,17870749,0cb6d5ad3d9cf3aa79dce9a6ece8ce08bc195744ff78cbddb25d357457d795ae
checkpoints,mlp_v3_a3_campinas_Q1_s44/checkpoints/checkpoint_best.pt,17870749,4762c225cb22b4d470bd84b39b4662af13a223c8049cd6c266effa410e619ef9
checkpoints,mlp_v3_a3_campinas_Q1_s45/checkpoints/checkpoint_best.pt,17870749,8816e7fdfda0c9ce6bebb3352172e048e795e5f53855ba20fa55c5f498d53862
checkpoints,mlp_v3_a3_campinas_Q1_s46/checkpoints/checkpoint_best.pt,17870749,b167206d7840512a6ad710fc88d8045728a9629c83eac714624279098da9661d
checkpoints,mlp_v3_a3_campinas_Q3_s42/checkpoints/checkpoint_best.pt,17870749,dcc49ad298f6a7ae38cc08c02e090254f695df40af9d943e6c48149e10c487df
checkpoints,mlp_v3_a3_campinas_Q3_s43/checkpoints/checkpoint_best.pt,17870749,e14f3ec1076f32a2bae3973bdf3cfef8788623794916df7986c204afd8e2bdd2
checkpoints,mlp_v3_a3_campinas_Q3_s44/checkpoints/checkpoint_best.pt,17870749,2e56d650e2587740aa92c0306b37ba6e2f8bbe6a7f3980daeaf97c44dc94d51e
checkpoints,mlp_v3_a3_campinas_Q3_s45/checkpoints/checkpoint_best.pt,17870749,727d8f9e7dee01d040c930c8c45c8e264d6d741c80bd8f06066c397714a8535d
checkpoints,mlp_v3_a3_campinas_Q3_s46/checkpoints/checkpoint_best.pt,17870749,4cee891e2d1722996ddfccaa3d3a5420ef445c1a419e786e3b0936576af28007
checkpoints,mlp_v3_a3_lins_Q1_s42/checkpoints/checkpoint_best.pt,17870749,8416f3c44d0d405927edfb161aa2816b9c7e9171cda0c7ec0d7eac7359b8085b
checkpoints,mlp_v3_a3_lins_Q1_s43/checkpoints/checkpoint_best.pt,17870749,b202d21244948aa1a50a81f975b2af0c6f4088b9190fd501cf3753456312e245
checkpoints,mlp_v3_a3_lins_Q1_s44/checkpoints/checkpoint_best.pt,17870749,f211130fdaebc9292cc4c300f59e8d5b2ef4ee78197613e836c2d4fe2f6d22d3
checkpoints,mlp_v3_a3_lins_Q1_s45/checkpoints/checkpoint_best.pt,17870749,6eb3236dfee00186b664703779cb33a822a7e8608b3e6b8f16ba069adf24e3de
checkpoints,mlp_v3_a3_lins_Q1_s46/checkpoints/checkpoint_best.pt,17870749,b45cb36ff0e6012e306b1ac5fae14e60d680e6d86100c7885c5b6b9b4c42505a
checkpoints,mlp_v3_a3_lins_Q3_s42/checkpoints/checkpoint_best.pt,17870749,143ecfb5860d1ba4451405d918b1a9d37f0afbe59455cf319f50bfd822d8d928
checkpoints,mlp_v3_a3_lins_Q3_s43/checkpoints/checkpoint_best.pt,17870749,c0ae082cc4abefa69710b61a86c216a8566b9c359f2c360399e1265a27250102
checkpoints,mlp_v3_a3_lins_Q3_s44/checkpoints/checkpoint_best.pt,17870749,ab021f5beeab25a73ee130c891c69edd61a3730819986584a21d7b500224a2fe
checkpoints,mlp_v3_a3_lins_Q3_s45/checkpoints/checkpoint_best.pt,17870749,d5ba0b41855a7ee4b6aca17145b32de27f51d8c7cef347095e6b4d303ecc6a4a
checkpoints,mlp_v3_a3_lins_Q3_s46/checkpoints/checkpoint_best.pt,17870749,29d47a514d70758274778f167327fc666c354e06eef5ef50593fcd06d054b117
checkpoints,mlp_v3_a3_sorocaba_Q1_s42/checkpoints/checkpoint_best.pt,17870749,0bd4ab44c84a6c62699905b4a8f7169fe261b66cb9f5cda40a04565219f3eca4
checkpoints,mlp_v3_a3_sorocaba_Q1_s43/checkpoints/checkpoint_best.pt,17870749,d734d42d5b50bf9d101142ad128002b0b7ff863a2ed70b238f0033a1144e57c0
checkpoints,mlp_v3_a3_sorocaba_Q1_s44/checkpoints/checkpoint_best.pt,17870749,6f05a98dde077662e2d649cdbd1328b754f2b5b6b09f236a92b66f4e148e9794
checkpoints,mlp_v3_a3_sorocaba_Q1_s45/checkpoints/checkpoint_best.pt,17870749,6fd2e1b15f8c148a1e8048cfdea8459101b6494282624054b233b33fa5b53b3b
checkpoints,mlp_v3_a3_sorocaba_Q1_s46/checkpoints/checkpoint_best.pt,17870749,be22873d457dfbbf4c286c7de9958813e247e36b9aaa165c18581a4aed16d885
checkpoints,mlp_v3_a3_sorocaba_Q3_s42/checkpoints/checkpoint_best.pt,17870749,c27113b70d1283c2c2683355b8584877b27ca03a075177c3a954da93e9ede3bf
checkpoints,mlp_v3_a3_sorocaba_Q3_s43/checkpoints/checkpoint_best.pt,17870749,bbc279b62661c8ce46dfc7cc2202b51a27bb7af4837433870efd6c2c9b5107ed
checkpoints,mlp_v3_a3_sorocaba_Q3_s44/checkpoints/checkpoint_best.pt,17870749,6304862f9882f0e51cac485817e6dfc16477492b226cd46a6595c5a1a8a3d199
checkpoints,mlp_v3_a3_sorocaba_Q3_s45/checkpoints/checkpoint_best.pt,17870749,d3b8592eec4382e0710c7228574a476ef9339d0ed0912fecb9568a0a07cf5991
checkpoints,mlp_v3_a3_sorocaba_Q3_s46/checkpoints/checkpoint_best.pt,17870749,987ecc529ec5df603d72bbd6c8a465949ce2fea353ef38cf2932eb03cd1d8bcc
checkpoints,mlp_v3_a4_bauru_Q1_ss101/checkpoints/checkpoint_best.pt,17870749,3162d0b902bc8e4b73aa98e86977f62fe0c9ea06431c8f049e1871372c1c1c6f
checkpoints,mlp_v3_a4_bauru_Q1_ss102/checkpoints/checkpoint_best.pt,17870749,73b6030d420eeca63cd7aaac9ca170547e33751452017fba0047dea0cb50a01d
checkpoints,mlp_v3_a4_bauru_Q1_ss103/checkpoints/checkpoint_best.pt,17870749,899d8a6435cf3d05d2635e388e4b924edd92338f6270351c483c3202d7af2ced
checkpoints,mlp_v3_a4_bauru_Q1_ss104/checkpoints/checkpoint_best.pt,17870749,030eeef05f6f65b972924030cfb6bd0513be867ded308367248b5de2bbf202a7
checkpoints,mlp_v3_a4_bauru_Q1_ss105/checkpoints/checkpoint_best.pt,17870749,9dfcfe469e178c812bb40bdd09dc349fe4af1e3ddfe0e84c34afb03234109ecc
checkpoints,mlp_v3_a4_bauru_Q2_ss101/checkpoints/checkpoint_best.pt,17870749,ae7eee07ab1e7d1c1866892556aa218ac0d854fbf91d60b18a29c44c053b6a33
checkpoints,mlp_v3_a4_bauru_Q2_ss102/checkpoints/checkpoint_best.pt,17870749,420cdf9b519d37b979474fd7fa1bf01abb99011dc764af0f645022949f92ce3d
checkpoints,mlp_v3_a4_bauru_Q2_ss103/checkpoints/checkpoint_best.pt,17870749,9e2c7ad5f438a41ac0b8d2ac3539c8f8b27096b3b5683e6848c06e4642ed68ac
checkpoints,mlp_v3_a4_bauru_Q2_ss104/checkpoints/checkpoint_best.pt,17870749,7ee5fc0540a443a7c6021bbdd307c01856a05178dbc69ff820ed1a22089bec2a
checkpoints,mlp_v3_a4_bauru_Q2_ss105/checkpoints/checkpoint_best.pt,17870749,81a2942280f94607dd3a806f15f1291c2295c991f94ad9811925110c36ca2ffa
checkpoints,mlp_v3_a4_bauru_Q3_ss101/checkpoints/checkpoint_best.pt,17870749,3a98720a1da48d1e04c56fd8314d799647c5a45837d7e9d13637a5c314ed730f
checkpoints,mlp_v3_a4_bauru_Q3_ss102/checkpoints/checkpoint_best.pt,17870749,8e3d709544a818ee02dd35245177eccdbaa7d17f2844eccf495288bdd4b9e054
checkpoints,mlp_v3_a4_bauru_Q3_ss103/checkpoints/checkpoint_best.pt,17870749,96159f837fc04e996df2b223a2731698f53be74f4376ae20dd09277d7be27c50
checkpoints,mlp_v3_a4_bauru_Q3_ss104/checkpoints/checkpoint_best.pt,17870749,332de1f4c9c796ea48fdd9f05f1927886147130111b0fdae289e8173c76ce4fd
checkpoints,mlp_v3_a4_bauru_Q3_ss105/checkpoints/checkpoint_best.pt,17870749,a19b4db17acb6d3097e543609d31010cdb33af701f1a489b2a995adf93719384
checkpoints,mlp_v3_a4_bauru_Q4_ss101/checkpoints/checkpoint_best.pt,17870749,59cfb4b28c60ce43dfa22ca5aa00d4872ef3cdb5afea47d873b3e57d59421981
checkpoints,mlp_v3_a4_bauru_Q4_ss102/checkpoints/checkpoint_best.pt,17870749,79b36bc6a0b4b06e8cf924091444fe312890c98571821d8557a49664077bb6d3
checkpoints,mlp_v3_a4_bauru_Q4_ss103/checkpoints/checkpoint_best.pt,17870749,ca8e910e10a4235ced029847d15c23e1d3a5ec08be3dc33c9456d361804e7b2d
checkpoints,mlp_v3_a4_bauru_Q4_ss104/checkpoints/checkpoint_best.pt,17870749,b0ccda31d3a463ad9ed7b20f475722b81c82fcc38f8cf6f858067d0acce35577
checkpoints,mlp_v3_a4_bauru_Q4_ss105/checkpoints/checkpoint_best.pt,17870749,b484ddb27a1c741591802114f75349ca86c0a876b4bb3d6824657f278c6e9b53
checkpoints,mlp_v3_a4s_bauru_Q1_s42_antigas/checkpoints/checkpoint_best.pt,21815005,577872b555614a17cba5c2335342c86296e3d256741a39185b46294a99c264d5
checkpoints,mlp_v3_a4s_bauru_Q1_s43_antigas/checkpoints/checkpoint_best.pt,21815005,be6a6a6ff1c443f746c93febdab1e9cf43ee20070553d053103349dbfcc80762
checkpoints,mlp_v3_a4s_bauru_Q1_s44_antigas/checkpoints/checkpoint_best.pt,21815005,e0a3042d0e01fc42f1f58f958c5ec5644a492e9dc3e8691ec654041adbade638
checkpoints,mlp_v3_a4s_bauru_Q1_s45_antigas/checkpoints/checkpoint_best.pt,21815005,bfa540b3feebe8e36ca646cded0ebafdbd4ad3229042b03894079347051b06f0
checkpoints,mlp_v3_a4s_bauru_Q1_s46_antigas/checkpoints/checkpoint_best.pt,21815005,8a8b3a184c6663e949bdfb1bd97df1478debd35f5a030461ecc1eb9828db4a0d
checkpoints,mlp_v3_a4s_lins_Q1_s42_antigas/checkpoints/checkpoint_best.pt,21815005,91f06f0ba4f2f9afddb98ad328681794fa50601aa6eb953c675f99699c7df1d0
checkpoints,mlp_v3_a4s_lins_Q1_s43_antigas/checkpoints/checkpoint_best.pt,21815005,069841873f8efd5daca5e7ae3b0e67f7cb35e4fd8ee34e78ccf5efb329298e03
checkpoints,mlp_v3_a4s_lins_Q1_s44_antigas/checkpoints/checkpoint_best.pt,21815005,2eed027e364f2a64962ec4d43cf1a08c815df00e866b1a65c028342ccf55b0f4
checkpoints,mlp_v3_a4s_lins_Q1_s45_antigas/checkpoints/checkpoint_best.pt,21815005,a8528ad094a668f6dd51d1d87449cc91df87d02866c56fabe0cd5b860ad3aded
checkpoints,mlp_v3_a4s_lins_Q1_s46_antigas/checkpoints/checkpoint_best.pt,21815005,5b68c81ff57c56b581d644b91191fd95f826e1a3876ce8a3c072667f5411d284
graph_tensors,bauru_v19_Q1_gpu.pt,15606464953,99e49cb5306c682e5209a6f8273e0a27f2f851b1fb4b13a6c7b656ed86827607
graph_tensors,bauru_v19_Q2_gpu.pt,15574575289,f09d015d4cfbfed6222eaaaa36f95aec20e3fb80e7c42bc8f8a555711e4e94b3
graph_tensors,bauru_v19_Q3_gpu.pt,15598136249,0fdad4115925785c0032874de1a3d3aa0ae8beb0f0a54f15438399b2199bf2c2
graph_tensors,bauru_v19_Q4_gpu.pt,15579681337,50716899afc4d119f7c706f630e0175fd01b6ac039eb38497bc0dfb4d76fea43
graph_tensors,campinas_v19_Q1_gpu.pt,15574193625,aa8af1b36b3d65a70bf143d3ceb51996a6b4fcfedf7d1e2b9b677c93d641d466
graph_tensors,campinas_v19_Q2_gpu.pt,15528482521,7d110ea4c75c4a11198ac8eb5c1c11998b462a86d4c856764e49640cc3c72e1f
graph_tensors,campinas_v19_Q3_gpu.pt,15567094425,34234bbefef43e4bcb4734101afbed360f8bb52b1b62a6f5ea998fa3d9d745aa
graph_tensors,campinas_v19_Q4_gpu.pt,15513392921,793fb5de500d75f5d5ee162d07c73eb0a02c672e2c54cc6c2dc7e69e326d7fe0
graph_tensors,lins_v19_Q1_gpu.pt,15643947737,82951709210ccb25223990c3d8f76e7c71abfdde9ae06212b4682428b7971df5
graph_tensors,lins_v19_Q2_gpu.pt,15600806169,162f80edee7570fca9365edc9d3eb764201d657c78fe9dd8bece0432180ef9f9
graph_tensors,lins_v19_Q3_gpu.pt,15654238361,e97459f8f781835e87db50f015d731123fadb6c3cb8d1b093ff828edf019abdd
graph_tensors,lins_v19_Q4_gpu.pt,15590228057,3f50b0b369d0099b6b57f66cde8e4df731815acdb44219a8c0f2dcecd08ccffa
graph_tensors,sorocaba_v19_Q1_gpu.pt,15575171097,bf644fc12c9d1e8fcebedb0fcd6fd8f879457183f3616d8b2533d09f98e4be49
graph_tensors,sorocaba_v19_Q2_gpu.pt,15548279513,882b99816f6e149a35fcab9a58b34d4bd00d4da48ed37429ab78c50f0770a12d
graph_tensors,sorocaba_v19_Q3_gpu.pt,15570837785,2ce427daaef3614d2c9344a928c8e23a5280d35484a2ad1e6ff885ff92913a68
graph_tensors,sorocaba_v19_Q4_gpu.pt,15533107673,7f229d85c4c5c4d3bec6d6841071bc6c9597068d2acf077bbd6d3fbe174b08ef
node_predictions,g1_gnn_bauru_Q1_ss125243_s42/predicoes_g1_gnn_bauru_Q1_ss125243_s42.npz,47020673,f8411c83f5da423e8a4cfcfd16bd7c230f5080f05c9a2939c89f00c5c402d470
node_predictions,g1_gnn_bauru_Q1_ss125243_s43/predicoes_g1_gnn_bauru_Q1_ss125243_s43.npz,47020673,6747d39c02f93fc809051ce0da5ed76d171839c92a36b49b62cbbb9ec1d000de
node_predictions,g1_gnn_bauru_Q1_ss125243_s44/predicoes_g1_gnn_bauru_Q1_ss125243_s44.npz,47020673,999c72e0b19b58ba8fb6cc445509c6796f839ae322afb65774c238319e88c042
node_predictions,g1_gnn_bauru_Q1_ss159513_s42/predicoes_g1_gnn_bauru_Q1_ss159513_s42.npz,40712511,6fadd0f4ba4323b1bdaaf51a4347042a5d690c3e06e557dee43df33917ef21ed
node_predictions,g1_gnn_bauru_Q1_ss159513_s43/predicoes_g1_gnn_bauru_Q1_ss159513_s43.npz,40712511,61f999cae7314f6f6c42c1454d1f2ba0ae4f428a8331cacf28e4ca9d83d83919
node_predictions,g1_gnn_bauru_Q1_ss159513_s44/predicoes_g1_gnn_bauru_Q1_ss159513_s44.npz,40712511,f99a26879f6189260056984c76e4e7746eb4edf1a1f813f7ce15afb8d8479bda
node_predictions,g1_gnn_bauru_Q1_ss198718_s42/predicoes_g1_gnn_bauru_Q1_ss198718_s42.npz,40486180,18876a0f106d339f1555efb356d5711ac898056f58a6d6ab4153d3dae8aff712
node_predictions,g1_gnn_bauru_Q1_ss259492_s42/predicoes_g1_gnn_bauru_Q1_ss259492_s42.npz,40945555,4cbd5b8bbe26fc90883e97c3f1c0c02615db77f48ccd2564980b82576738b954
node_predictions,g1_gnn_bauru_Q1_ss282106_s42/predicoes_g1_gnn_bauru_Q1_ss282106_s42.npz,42637868,1fe78e44404f9649ba897b2a005d06cc49787bc78381110cc68a4e432d6a517c
node_predictions,g1_gnn_bauru_Q1_ss29675_s42/predicoes_g1_gnn_bauru_Q1_ss29675_s42.npz,37340233,29f2bae1aba34b0a913f68818dcff2a26070ccfabf212b0e97cf988d59a03997
node_predictions,g1_gnn_bauru_Q1_ss387379_s42/predicoes_g1_gnn_bauru_Q1_ss387379_s42.npz,45830463,a833896443762cb1cac033dab8bbdf53a87c34f764da6e2fc6e81cb4c9298edf
node_predictions,g1_gnn_bauru_Q1_ss508734_s42/predicoes_g1_gnn_bauru_Q1_ss508734_s42.npz,44355122,34815d7352624e6b1b0484a25357e77e7a56070da583a79259a2354d27d7b56d
node_predictions,g1_gnn_bauru_Q1_ss535105_s42/predicoes_g1_gnn_bauru_Q1_ss535105_s42.npz,39282985,0b2db9a8a2887ad58a57df553aa71759a30c0b6e9da5b318bd209fbc75f1903b
node_predictions,g1_gnn_bauru_Q1_ss546703_s42/predicoes_g1_gnn_bauru_Q1_ss546703_s42.npz,41975094,750f904aff1d06ccd7c7b7d327d65cb5d0c304b4fe5d629331576d5dfec20f8b
node_predictions,g1_gnn_bauru_Q1_ss54892_s42/predicoes_g1_gnn_bauru_Q1_ss54892_s42.npz,50317785,09c147c2988cd3941cde67b9deddec3ee5481b3bae0ef3929c0952230a39bdac
node_predictions,g1_gnn_bauru_Q1_ss54892_s43/predicoes_g1_gnn_bauru_Q1_ss54892_s43.npz,50317785,999b46915bd4174d63cec2127f6702d7bf943687970569c0bda5da737ae1727a
node_predictions,g1_gnn_bauru_Q1_ss54892_s44/predicoes_g1_gnn_bauru_Q1_ss54892_s44.npz,50317785,7cf25b65b5359ea7a1721958d6eb2810056f6957f40286745d62ae53e15a4858
node_predictions,g1_gnn_bauru_Q1_ss676375_s42/predicoes_g1_gnn_bauru_Q1_ss676375_s42.npz,40270384,74b09d2c37a37fbdc22c90e778b58980d42902a355d794da1f4776923abbf29e
node_predictions,g1_gnn_bauru_Q1_ss684965_s42/predicoes_g1_gnn_bauru_Q1_ss684965_s42.npz,45518431,f21a5f6414cf6ec86f965725eee5ff7ccb965902543dc1c5bca3e09cff350947
node_predictions,g1_gnn_bauru_Q1_ss723969_s42/predicoes_g1_gnn_bauru_Q1_ss723969_s42.npz,45203214,a7eb565e794441f4af0e1c92bf40ba81c5ee152c65ab9326a46a9a477a3cfb9f
node_predictions,g1_gnn_bauru_Q1_ss739191_s42/predicoes_g1_gnn_bauru_Q1_ss739191_s42.npz,51049110,530738ee581da0ffd11d9beabfdf29505369486593760731ed413e53ef4c65b4
node_predictions,g1_gnn_bauru_Q1_ss756541_s42/predicoes_g1_gnn_bauru_Q1_ss756541_s42.npz,40761462,90fd2a09958ac405a0895ad2cdec02511314c860b9ac6586643614e10068279c
node_predictions,g1_gnn_bauru_Q1_ss769856_s42/predicoes_g1_gnn_bauru_Q1_ss769856_s42.npz,42491211,9401b2740c9d204715e5aa3192814e0ac4b76e199b69cf89e6887e9491d16227
node_predictions,g1_gnn_bauru_Q1_ss811474_s42/predicoes_g1_gnn_bauru_Q1_ss811474_s42.npz,44098460,779a271d54b7db9efbbf4a9c826782fc40c89ed7e7ffb13a73907af8f1b1c48e
node_predictions,g1_gnn_bauru_Q1_ss811474_s43/predicoes_g1_gnn_bauru_Q1_ss811474_s43.npz,44098460,7b860c9ae4a00534b258e8447b2b72e0add84799384afdba2740a66063645a83
node_predictions,g1_gnn_bauru_Q1_ss811474_s44/predicoes_g1_gnn_bauru_Q1_ss811474_s44.npz,44098460,b0fded255ee0977c2df419c90b8cf7337cdd7174b0e8c8485903923c21b056cb
node_predictions,g1_gnn_bauru_Q1_ss880099_s42/predicoes_g1_gnn_bauru_Q1_ss880099_s42.npz,38370899,1457a1d281e529ea2b32fb3c258a152070be49ebef7db6b1430c85cba8884fce
node_predictions,g1_gnn_bauru_Q1_ss880099_s43/predicoes_g1_gnn_bauru_Q1_ss880099_s43.npz,38370899,63dcf1c51854e41c97ce17c01df76829ddd371738796425f03903016489a83ac
node_predictions,g1_gnn_bauru_Q1_ss880099_s44/predicoes_g1_gnn_bauru_Q1_ss880099_s44.npz,38370899,f2b73a40a996381946d1f1ebaa97ae44e7770bb047d4fa95c6aafe613badffcf
node_predictions,g1_gnn_bauru_Q1_ss934410_s42/predicoes_g1_gnn_bauru_Q1_ss934410_s42.npz,35173796,375c3f6cfd8ed91d7c75ed7e1ee77e987c8de9a95c9e2b5adc82a658ab213130
node_predictions,g1_gnn_bauru_Q3_ss159513_s42/predicoes_g1_gnn_bauru_Q3_ss159513_s42.npz,40142984,cecda8058cce94b67b39874c7393d697c595e7958913ad37d5d9296909fa1a57
node_predictions,g1_gnn_bauru_Q3_ss198718_s42/predicoes_g1_gnn_bauru_Q3_ss198718_s42.npz,39739763,0748722961279f429a1f001bfcd8aaf3aef46765198811cd455cc2342dbf3f2d
node_predictions,g1_gnn_bauru_Q3_ss259492_s42/predicoes_g1_gnn_bauru_Q3_ss259492_s42.npz,39926992,036acee99f5792398574af3eb67be60b0e90ba7c4080303f6cc2bfb691bf9a13
node_predictions,g1_gnn_bauru_Q3_ss29675_s42/predicoes_g1_gnn_bauru_Q3_ss29675_s42.npz,36270416,892020d27c76df1d3b149d4cb89dac0fa7f77f92eded7815f189bffac9aa4a54
node_predictions,g1_gnn_bauru_Q3_ss387379_s42/predicoes_g1_gnn_bauru_Q3_ss387379_s42.npz,46142740,1e85529a1a6f93c0207ef780eda6295781635404ddaf1287ebb3aca8defbdb94
node_predictions,g1_gnn_bauru_Q3_ss508734_s42/predicoes_g1_gnn_bauru_Q3_ss508734_s42.npz,44303672,ca78cd28d9c4262e18e6767ec1e1ba976203e2b503df25500dd878d68152f445
node_predictions,g1_gnn_bauru_Q3_ss535105_s42/predicoes_g1_gnn_bauru_Q3_ss535105_s42.npz,38581501,0d9b293026a0e37252a2f1ed9296cbff2e94fca4f7ae481cd400db3874656dfc
node_predictions,g1_gnn_bauru_Q3_ss546703_s42/predicoes_g1_gnn_bauru_Q3_ss546703_s42.npz,41715639,a2fdbff497f1ea3d4744dd366d5472e4e1eb4a031f49129e5286372a36747cec
node_predictions,g1_gnn_bauru_Q3_ss54892_s42/predicoes_g1_gnn_bauru_Q3_ss54892_s42.npz,50104194,76f31541ec99e86b05d6a60784286512950267cebd55843eb37dc19f3bdaec09
node_predictions,g1_gnn_bauru_Q3_ss676375_s42/predicoes_g1_gnn_bauru_Q3_ss676375_s42.npz,40223050,817407ac514b9c51b64b7193c2891eb810b57b0148fdaf268c43afbed0f68719
node_predictions,g1_gnn_bauru_Q3_ss684965_s42/predicoes_g1_gnn_bauru_Q3_ss684965_s42.npz,45113250,bdea8463fad987165cb6995d2a5512940f739fe221d0735d113b20db65e58b4e
node_predictions,g1_gnn_bauru_Q3_ss723969_s42/predicoes_g1_gnn_bauru_Q3_ss723969_s42.npz,45214484,933d9fc55044177a2c72e83aa6c81dd1371c987b718b423213d1e3e82f2eae0e
node_predictions,g1_gnn_bauru_Q3_ss756541_s42/predicoes_g1_gnn_bauru_Q3_ss756541_s42.npz,40731131,dd36fc89246fc9907ebf5c171a8ebdff6c6f26b38596bcd2af8590554f16645a
node_predictions,g1_gnn_bauru_Q3_ss811474_s42/predicoes_g1_gnn_bauru_Q3_ss811474_s42.npz,43433285,c21be6aeaea828964d6655e929bc07875630f179f644a51dc65af56cc50771c7
node_predictions,g1_gnn_bauru_Q3_ss880099_s42/predicoes_g1_gnn_bauru_Q3_ss880099_s42.npz,37647365,5acbc3ed7dd65ded4773d9e057d06ee4ceaf93b6824a2a3ab0667be36ac8fb13
node_predictions,g1_gnn_bauru_Q3_ss934410_s42/predicoes_g1_gnn_bauru_Q3_ss934410_s42.npz,35101472,9c74f938cbc49d758b79b8d1d068246ea73cf23a06f67fc48589db136f39d663
node_predictions,g1_gnn_campinas_Q1_ss125243_s42/predicoes_g1_gnn_campinas_Q1_ss125243_s42.npz,47076680,53673eb57a273bd708dfdb020abdb6bf9a7700a93a2b5c812a20285ce9335042
node_predictions,g1_gnn_campinas_Q1_ss125243_s43/predicoes_g1_gnn_campinas_Q1_ss125243_s43.npz,47076680,551831529af52ee0abe1e1ba8d75aa630e12e714ac22e87731d5aa08142a14de
node_predictions,g1_gnn_campinas_Q1_ss125243_s44/predicoes_g1_gnn_campinas_Q1_ss125243_s44.npz,47076680,cfd007e74b1bb43de0230dd2ad1bd2d53406fd8dead906424f9fee925ddda3d0
node_predictions,g1_gnn_campinas_Q1_ss159513_s42/predicoes_g1_gnn_campinas_Q1_ss159513_s42.npz,40330507,2cbb7f35ab1e25083baecf29855e65dc123f854c4487b04677baa4d7156352bb
node_predictions,g1_gnn_campinas_Q1_ss159513_s43/predicoes_g1_gnn_campinas_Q1_ss159513_s43.npz,40330507,e9b6bd64e2ac870c4c0b7e30086a4856efbd9fb905c2de02a08f8b4231cedfff
node_predictions,g1_gnn_campinas_Q1_ss159513_s44/predicoes_g1_gnn_campinas_Q1_ss159513_s44.npz,40330507,cfffd2f21f86a2115915525f435024800a68d2779b15b84de4dad39e5d8cf30e
node_predictions,g1_gnn_campinas_Q1_ss198718_s42/predicoes_g1_gnn_campinas_Q1_ss198718_s42.npz,39992946,82ca3a26c78f9ccfc5d3f5ad9e98bbb92fc8a2a1c7da6d24489300d57f9dd0d5
node_predictions,g1_gnn_campinas_Q1_ss259492_s42/predicoes_g1_gnn_campinas_Q1_ss259492_s42.npz,40311299,f19a518104b7e759dab92f50eebd24d4fcd2fb009d81b56b45e5686cac6e7a47
node_predictions,g1_gnn_campinas_Q1_ss259492_s43/predicoes_g1_gnn_campinas_Q1_ss259492_s43.npz,40311299,9d7ff9ef22fd7de25756bb8d6b18faa26acb83f671c6ce646cff35507de6189d
node_predictions,g1_gnn_campinas_Q1_ss259492_s44/predicoes_g1_gnn_campinas_Q1_ss259492_s44.npz,40311299,869c3e26f528568efb044b53540c4216cfb5fb6af14241ddfa9bc616702b2d85
node_predictions,g1_gnn_campinas_Q1_ss282106_s42/predicoes_g1_gnn_campinas_Q1_ss282106_s42.npz,42436086,55e6150737940f6d0b820a46073c3647f6c744311c12042b4c6f857e84bc30be
node_predictions,g1_gnn_campinas_Q1_ss29675_s42/predicoes_g1_gnn_campinas_Q1_ss29675_s42.npz,36678047,3749fa6c41de86efcce53180725732dcd1680b3bd653c2863f22f8583eda335d
node_predictions,g1_gnn_campinas_Q1_ss29675_s43/predicoes_g1_gnn_campinas_Q1_ss29675_s43.npz,36678047,af3ef0e014361fa0870f08462ff9f67cb5362868849ab4f5ae40f40d8746cc17
node_predictions,g1_gnn_campinas_Q1_ss29675_s44/predicoes_g1_gnn_campinas_Q1_ss29675_s44.npz,36678047,4006f1957a7d7d3a8733aacf5467822055ee67f8db765e08c6fdf9fd0e2a67e1
node_predictions,g1_gnn_campinas_Q1_ss387379_s42/predicoes_g1_gnn_campinas_Q1_ss387379_s42.npz,45995936,57a33fddcea8e5ca91b9bdf74b0330c8609707ef404f39013d52296dd7d567ee
node_predictions,g1_gnn_campinas_Q1_ss387379_s43/predicoes_g1_gnn_campinas_Q1_ss387379_s43.npz,45995936,49442463471faf5bd5642dfc6c339a9b46aab8797d8bba48ce24d1a4c3bfd693
node_predictions,g1_gnn_campinas_Q1_ss387379_s44/predicoes_g1_gnn_campinas_Q1_ss387379_s44.npz,45995936,7962ddafaf4197633c85253abec1c7dd287141a0db14b2a327969164aed32326
node_predictions,g1_gnn_campinas_Q1_ss508734_s42/predicoes_g1_gnn_campinas_Q1_ss508734_s42.npz,44282847,bb7bb16645b2cbf34925967d5713378ac449dba13d96db06b8b2f84298722100
node_predictions,g1_gnn_campinas_Q1_ss535105_s42/predicoes_g1_gnn_campinas_Q1_ss535105_s42.npz,38858547,2f7896e9c531d8f5bd2a41da23f8d5b4f3d2637efc0ec5a5a8f3952a303636be
node_predictions,g1_gnn_campinas_Q1_ss546703_s42/predicoes_g1_gnn_campinas_Q1_ss546703_s42.npz,41793990,40e66885de0085a11098639354000ed2a7259b8af41ab6b3962dc085e27f98ec
node_predictions,g1_gnn_campinas_Q1_ss54892_s42/predicoes_g1_gnn_campinas_Q1_ss54892_s42.npz,50121589,5351b6296a2e1f45daff49a4914c63b0392e997ecebe2ade33fa6fe90a9b47c5
node_predictions,g1_gnn_campinas_Q1_ss54892_s43/predicoes_g1_gnn_campinas_Q1_ss54892_s43.npz,50121589,bb265f8d53572f149ad18dbef5c699efa9dfcf62bb7cdf6ead1e0b244c657bfc
node_predictions,g1_gnn_campinas_Q1_ss54892_s44/predicoes_g1_gnn_campinas_Q1_ss54892_s44.npz,50121589,da80352c23b37df600a2f7edaa1161d31a0057bd60c54b76f38277bc1e483af0
node_predictions,g1_gnn_campinas_Q1_ss676375_s42/predicoes_g1_gnn_campinas_Q1_ss676375_s42.npz,40172482,14d284ec5ca9635980d3319c830dd8d9f68ca7d3a26facc0803231c3e9512fe7
node_predictions,g1_gnn_campinas_Q1_ss676375_s43/predicoes_g1_gnn_campinas_Q1_ss676375_s43.npz,40172482,bbc37c19e81b3bb26e5f22438558330740452536fe7cc060976963a0a8abdd04
node_predictions,g1_gnn_campinas_Q1_ss676375_s44/predicoes_g1_gnn_campinas_Q1_ss676375_s44.npz,40172482,1c212f3b38da839e1d614ca304ccdc481a40b6264977700de800105cb5962181
node_predictions,g1_gnn_campinas_Q1_ss684965_s42/predicoes_g1_gnn_campinas_Q1_ss684965_s42.npz,45272451,dea57d17073a035acf28cffa660ccc22cf92c405a22f722c0687d6fd8eec7605
node_predictions,g1_gnn_campinas_Q1_ss723969_s42/predicoes_g1_gnn_campinas_Q1_ss723969_s42.npz,45194884,3438e21bd7195ff5e56870de631ca60e6e33a707145962f4f6f3c289c79b0e9c
node_predictions,g1_gnn_campinas_Q1_ss739191_s42/predicoes_g1_gnn_campinas_Q1_ss739191_s42.npz,51044651,92b7b4b87023b656c22d6bfca096550716fdd9cb1fc946239fbde0c924fb0ced
node_predictions,g1_gnn_campinas_Q1_ss739191_s43/predicoes_g1_gnn_campinas_Q1_ss739191_s43.npz,51044651,6c0db74ca8529dcdfad2f31a3558844dd1ee778024e1e471c4a25a0c41e2d1af
node_predictions,g1_gnn_campinas_Q1_ss739191_s44/predicoes_g1_gnn_campinas_Q1_ss739191_s44.npz,51044651,baf1929d780fcf7800973bf1da02d5bb25525375050beb7b326001270163d15c
node_predictions,g1_gnn_campinas_Q1_ss756541_s42/predicoes_g1_gnn_campinas_Q1_ss756541_s42.npz,40725202,d3288cd8100d4ca474710e244891e0fd4e8af6b44fc6f121daf050ad5ca03d2b
node_predictions,g1_gnn_campinas_Q1_ss769856_s42/predicoes_g1_gnn_campinas_Q1_ss769856_s42.npz,42036834,216186b08e7a9276142292ef75933d360c16b6e3eced82a43ec4327c4f9f0a0b
node_predictions,g1_gnn_campinas_Q1_ss811474_s42/predicoes_g1_gnn_campinas_Q1_ss811474_s42.npz,43651923,4559ddccad2d4c8ac89cfe21baf06a2a6fbe33de60ad51bac8f00d242a978abe
node_predictions,g1_gnn_campinas_Q1_ss811474_s43/predicoes_g1_gnn_campinas_Q1_ss811474_s43.npz,43651923,ac802bf3dd7b28d5615164810db01d2a340a9807ed4b1757be5faba7d36f16ca
node_predictions,g1_gnn_campinas_Q1_ss811474_s44/predicoes_g1_gnn_campinas_Q1_ss811474_s44.npz,43651923,9c846559acff42f07aff5da91160f1c9c1df5b9576440db6c1a843a6ee8e4472
node_predictions,g1_gnn_campinas_Q1_ss880099_s42/predicoes_g1_gnn_campinas_Q1_ss880099_s42.npz,37901479,70b7b0aedb8c7a7ba3384438b17f21f6f0d35efd1812b9a3b65d355fbd3e4bde
node_predictions,g1_gnn_campinas_Q1_ss880099_s43/predicoes_g1_gnn_campinas_Q1_ss880099_s43.npz,37901479,7ae4dcf19285f7f80a3af6a53adbe4c94796486e33331553af925d7ecebea635
node_predictions,g1_gnn_campinas_Q1_ss880099_s44/predicoes_g1_gnn_campinas_Q1_ss880099_s44.npz,37901479,e8abe211884e80b8e5c703a96df0f747200f090eae8bbd8ae29eea1f202a4fe0
node_predictions,g1_gnn_campinas_Q1_ss934410_s42/predicoes_g1_gnn_campinas_Q1_ss934410_s42.npz,35075943,8508a794c1e90f82c4a45274b690e27564e7c38a2773dcf9de94e1c34770951b
node_predictions,g1_gnn_campinas_Q3_ss125243_s42/predicoes_g1_gnn_campinas_Q3_ss125243_s42.npz,47539485,93373efe3645ee992e8c67a38ebe847e1ceb0fbb4f2abb997d82255c4b133594
node_predictions,g1_gnn_campinas_Q3_ss159513_s42/predicoes_g1_gnn_campinas_Q3_ss159513_s42.npz,40081195,31e9c3eaf4fab84ab50dc069f5fb6c9571c66d6cf31994191013776ab5c9d2a3
node_predictions,g1_gnn_campinas_Q3_ss198718_s42/predicoes_g1_gnn_campinas_Q3_ss198718_s42.npz,39680277,ac338a0e981ffdb0c705ab37aec3ab45bf456dbf2a4d9f46eac95bd76fae6afa
node_predictions,g1_gnn_campinas_Q3_ss259492_s42/predicoes_g1_gnn_campinas_Q3_ss259492_s42.npz,39657786,676776709a2e0c734a49ed3d8fb25f4795237647148c7f0042687164cdf67731
node_predictions,g1_gnn_campinas_Q3_ss282106_s42/predicoes_g1_gnn_campinas_Q3_ss282106_s42.npz,42359695,b636e8d7a7ba310968e34d8de5e978ec91dcacccc30cfef41b508e926482d8e6
node_predictions,g1_gnn_campinas_Q3_ss29675_s42/predicoes_g1_gnn_campinas_Q3_ss29675_s42.npz,36162616,da51a7ba0e7a848b771be607b89690046a7f431a3c6a7fc5f41ad4e14d290d4e
node_predictions,g1_gnn_campinas_Q3_ss387379_s42/predicoes_g1_gnn_campinas_Q3_ss387379_s42.npz,46431056,90aa54738cd0d1096184755ee3b97360383e34c4ae16184222c3ea15ca3ccc80
node_predictions,g1_gnn_campinas_Q3_ss508734_s42/predicoes_g1_gnn_campinas_Q3_ss508734_s42.npz,44472281,6d48133e9a27972aa6d1b54dc0a9fa8267d9c1f9ca568ee6bafb6f421f168018
node_predictions,g1_gnn_campinas_Q3_ss535105_s42/predicoes_g1_gnn_campinas_Q3_ss535105_s42.npz,38674307,4ed212f05081e28d849e71b0a0d788c9b1d2ad0a73ae5ada48599fb1589dfe5c
node_predictions,g1_gnn_campinas_Q3_ss546703_s42/predicoes_g1_gnn_campinas_Q3_ss546703_s42.npz,41705349,d368b90aed906efa04551a118f79ec448c14acca5db19b5987c12da4bf56a908
node_predictions,g1_gnn_campinas_Q3_ss54892_s42/predicoes_g1_gnn_campinas_Q3_ss54892_s42.npz,50241100,7bafeaff629844e02a86a20b5a0ea4709812a397d6ea1f6d2239fd36fe1ea4e5
node_predictions,g1_gnn_campinas_Q3_ss676375_s42/predicoes_g1_gnn_campinas_Q3_ss676375_s42.npz,40341434,2bca375c5302f22a87b14e262a691043ff1086f90c3301f6350cf2d3ae81ec8b
node_predictions,g1_gnn_campinas_Q3_ss684965_s42/predicoes_g1_gnn_campinas_Q3_ss684965_s42.npz,45010007,41395ab37cfbdf30af60e2e6ab2ae284d30f2b7446d271f6a40be9f346f708d6
node_predictions,g1_gnn_campinas_Q3_ss723969_s42/predicoes_g1_gnn_campinas_Q3_ss723969_s42.npz,45372411,bc5536e1f23cd1c1a549880ced80fe5778067c68540cecc4b18a284098fe6753
node_predictions,g1_gnn_campinas_Q3_ss756541_s42/predicoes_g1_gnn_campinas_Q3_ss756541_s42.npz,40868919,70b5baa3f7dc6517bc330b35c16599bf50b20cbe92370d0c2f45ad3c556993a9
node_predictions,g1_gnn_campinas_Q3_ss769856_s42/predicoes_g1_gnn_campinas_Q3_ss769856_s42.npz,41557467,5ea72b4f67be27547ef9df1d2599d6b69c127974b5ab0953bb12c8090f7c99ea
node_predictions,g1_gnn_campinas_Q3_ss811474_s42/predicoes_g1_gnn_campinas_Q3_ss811474_s42.npz,43444359,3dac582df968a66f09e5f27c5bbedc910052c0c7dc5a5cb740768e28687418a6
node_predictions,g1_gnn_campinas_Q3_ss880099_s42/predicoes_g1_gnn_campinas_Q3_ss880099_s42.npz,37627618,57f06e3c6b47769dd2d61e80ceb01fbeaae671825202db02be9ce7317bcb939a
node_predictions,g1_gnn_campinas_Q3_ss934410_s42/predicoes_g1_gnn_campinas_Q3_ss934410_s42.npz,35195699,3da303d84262607d1c441a4ceb94b5e4cb6f77f25591bb9aa37654fe8c315879
node_predictions,g1_mlp_bauru_Q1_ss125243_s42/predicoes_g1_mlp_bauru_Q1_ss125243_s42.npz,47020673,cb21fdf9193f7e9909d387dbc6cd9efab1ff455c4ec5cc1458569b48178e49db
node_predictions,g1_mlp_bauru_Q1_ss125243_s43/predicoes_g1_mlp_bauru_Q1_ss125243_s43.npz,47020673,558936efd513f72f26a6b5feef3c1be5513472de63dacf4cd67a81f37d322fbe
node_predictions,g1_mlp_bauru_Q1_ss125243_s44/predicoes_g1_mlp_bauru_Q1_ss125243_s44.npz,47020673,fe343d2a71d3483021b71b08c47e9e859a8ce2f6a18dfde5721f51e46383b183
node_predictions,g1_mlp_bauru_Q1_ss159513_s42/predicoes_g1_mlp_bauru_Q1_ss159513_s42.npz,40712511,82460e8b1dd1953289537e8ca38463fe2a282a657443c5d14b3aa0702746f81e
node_predictions,g1_mlp_bauru_Q1_ss159513_s43/predicoes_g1_mlp_bauru_Q1_ss159513_s43.npz,40712511,3afd8c5d40b154872109dca73c1a18f8f53b22d493c56fa437f70e4fae1e4565
node_predictions,g1_mlp_bauru_Q1_ss159513_s44/predicoes_g1_mlp_bauru_Q1_ss159513_s44.npz,40712511,61ad674ad6b56a30b3401e701d086c2489c9e899ee894be6fc8ec3c301d6c80a
node_predictions,g1_mlp_bauru_Q1_ss198718_s42/predicoes_g1_mlp_bauru_Q1_ss198718_s42.npz,40486180,1c6f377e60130f75fcd5e7a6bf332ac35cd1c7532f58d238958adcc353a75500
node_predictions,g1_mlp_bauru_Q1_ss259492_s42/predicoes_g1_mlp_bauru_Q1_ss259492_s42.npz,40945555,958f92d4e83f85cb169f95621456d268f8e50762c06374d76a35a1126707a5bd
node_predictions,g1_mlp_bauru_Q1_ss282106_s42/predicoes_g1_mlp_bauru_Q1_ss282106_s42.npz,42637868,8af2747e9a8619a8f96cdc26875546fb8932a0543bc145818e750a83c85373c3
node_predictions,g1_mlp_bauru_Q1_ss29675_s42/predicoes_g1_mlp_bauru_Q1_ss29675_s42.npz,37340233,44b895d55f666e9f9c7052ad24db345d9e47265ef197110473305b8b3fd6099e
node_predictions,g1_mlp_bauru_Q1_ss387379_s42/predicoes_g1_mlp_bauru_Q1_ss387379_s42.npz,45830463,bb95e7690a413a18e76502b8b11a345ff172c44dae547f67922f5edda9d9dd68
node_predictions,g1_mlp_bauru_Q1_ss508734_s42/predicoes_g1_mlp_bauru_Q1_ss508734_s42.npz,44355122,301fdce2f249740e322de3184a833baab062f445c7faa6ab78fddabaf92a3efc
node_predictions,g1_mlp_bauru_Q1_ss535105_s42/predicoes_g1_mlp_bauru_Q1_ss535105_s42.npz,39282985,370fd48b13bc8d1ba844c7ef15fdd7aae1968f2af2129a4014bcbcecf7dfb90f
node_predictions,g1_mlp_bauru_Q1_ss546703_s42/predicoes_g1_mlp_bauru_Q1_ss546703_s42.npz,41975094,f1dfed4109c04f5f5a6ff62365c800d58c522e25156c4de930d20dbdcdac82c9
node_predictions,g1_mlp_bauru_Q1_ss54892_s42/predicoes_g1_mlp_bauru_Q1_ss54892_s42.npz,50317785,f3f86ed4d3e3f0d307a2699a1eb5a73c92a0d5b8713c437d971eb9a84466f7e6
node_predictions,g1_mlp_bauru_Q1_ss54892_s43/predicoes_g1_mlp_bauru_Q1_ss54892_s43.npz,50317785,204f269cc6f48212483a70d63cc415ea5bbb613097f396811f9ccd5e31f8fe44
node_predictions,g1_mlp_bauru_Q1_ss54892_s44/predicoes_g1_mlp_bauru_Q1_ss54892_s44.npz,50317785,4f95b2e61bf97bf3080eb6960c1edec18c92a892cbddbc7a1ce81301000e4446
node_predictions,g1_mlp_bauru_Q1_ss676375_s42/predicoes_g1_mlp_bauru_Q1_ss676375_s42.npz,40270384,68222196ffec9596d7c485577257d64fc9b8971c55042912aedae6a6f9366063
node_predictions,g1_mlp_bauru_Q1_ss684965_s42/predicoes_g1_mlp_bauru_Q1_ss684965_s42.npz,45518431,0d22e9a5bbdf5a9b7c5a3d1f199bd329bf329876dba2e0b482376b60ce52b9fa
node_predictions,g1_mlp_bauru_Q1_ss723969_s42/predicoes_g1_mlp_bauru_Q1_ss723969_s42.npz,45203214,eab2df40b2aa49091860cd38ac10c7a485e62247394355307d701b613393decc
node_predictions,g1_mlp_bauru_Q1_ss739191_s42/predicoes_g1_mlp_bauru_Q1_ss739191_s42.npz,51049110,0ef0fd3dc89443735330f2172dc249e7e39f54a57e049820fe6e16b734a3d123
node_predictions,g1_mlp_bauru_Q1_ss756541_s42/predicoes_g1_mlp_bauru_Q1_ss756541_s42.npz,40761462,0fb0fb810cb859bc8111dc93b423b5348f1a3aae5525cb491899254701cdb0e9
node_predictions,g1_mlp_bauru_Q1_ss769856_s42/predicoes_g1_mlp_bauru_Q1_ss769856_s42.npz,42491211,8f32aa5e1560228e39a3e60c028170024e01f9c0705508ea3599315697414836
node_predictions,g1_mlp_bauru_Q1_ss811474_s42/predicoes_g1_mlp_bauru_Q1_ss811474_s42.npz,44098460,9f67ba57e6be06cb7bbaeaee25be37eb37cc383b815c5312a84325cb74efb00c
node_predictions,g1_mlp_bauru_Q1_ss811474_s43/predicoes_g1_mlp_bauru_Q1_ss811474_s43.npz,44098460,a9d1d802e52d3b3d96b255a86bc9a0005e04820da8619c5b244b65c1a34baf3e
node_predictions,g1_mlp_bauru_Q1_ss811474_s44/predicoes_g1_mlp_bauru_Q1_ss811474_s44.npz,44098460,739faa284c6a74aa42c4e28a8b9e5e10daea58f70135d38589cda41dcf8f074c
node_predictions,g1_mlp_bauru_Q1_ss880099_s42/predicoes_g1_mlp_bauru_Q1_ss880099_s42.npz,38370899,8277644d0f90427289a69f7a35eb3b31a456e0859c7801f4175a44d45756de62
node_predictions,g1_mlp_bauru_Q1_ss880099_s43/predicoes_g1_mlp_bauru_Q1_ss880099_s43.npz,38370899,c481a7c694088330a66ff8e8a5408ecc4cf6d9fd9345edd0291fd26637b952af
node_predictions,g1_mlp_bauru_Q1_ss880099_s44/predicoes_g1_mlp_bauru_Q1_ss880099_s44.npz,38370899,73b501ec0483d27ab468ff5a10a50c9057ac57d17f0a25186ab08b98c8fea872
node_predictions,g1_mlp_bauru_Q1_ss934410_s42/predicoes_g1_mlp_bauru_Q1_ss934410_s42.npz,35173796,5722b3488ce5a457723e63006ba08a01c79598b6997a558b00bbf03197059692
node_predictions,g1_mlp_bauru_Q3_ss159513_s42/predicoes_g1_mlp_bauru_Q3_ss159513_s42.npz,40142984,896fce22cf97f230f4ef0452321e5c2156a99f29ae6660feb5fb368f98dc548b
node_predictions,g1_mlp_bauru_Q3_ss198718_s42/predicoes_g1_mlp_bauru_Q3_ss198718_s42.npz,39739763,c555001bc70524a50f7efffa4856db612f33e7d579182acafd821fbe8f49f88e
node_predictions,g1_mlp_bauru_Q3_ss259492_s42/predicoes_g1_mlp_bauru_Q3_ss259492_s42.npz,39926992,707c51ec4d325904696cd04365533f66f4e1461129bf07a36a9ab2eacb9ec643
node_predictions,g1_mlp_bauru_Q3_ss29675_s42/predicoes_g1_mlp_bauru_Q3_ss29675_s42.npz,36270416,8ee5af295238bcbc2eb8f19a391ac3a2a057417166662d8f747811b148f995a3
node_predictions,g1_mlp_bauru_Q3_ss387379_s42/predicoes_g1_mlp_bauru_Q3_ss387379_s42.npz,46142740,3541cb73c02d510c2f41fbc0fe0942f9b6fb96736e7977448fdeb45dfc41e571
node_predictions,g1_mlp_bauru_Q3_ss508734_s42/predicoes_g1_mlp_bauru_Q3_ss508734_s42.npz,44303672,2b51ea72f2f79e81195533081d7d313c12dd90e915d16fc04781ea3c228244eb
node_predictions,g1_mlp_bauru_Q3_ss535105_s42/predicoes_g1_mlp_bauru_Q3_ss535105_s42.npz,38581501,d4ba3510573be32edab1698dc091be2d495b55fcc9394b4deea457560358721e
node_predictions,g1_mlp_bauru_Q3_ss546703_s42/predicoes_g1_mlp_bauru_Q3_ss546703_s42.npz,41715639,dd0ca774fdafd141fa838a41d9ee6f9c55b66bdc51bffc474eedafc5f396322d
node_predictions,g1_mlp_bauru_Q3_ss54892_s42/predicoes_g1_mlp_bauru_Q3_ss54892_s42.npz,50104194,0db45e8957de723d1589bd300ca1db4d8809e3c77acae9872e0d29bcf6f8bf11
node_predictions,g1_mlp_bauru_Q3_ss676375_s42/predicoes_g1_mlp_bauru_Q3_ss676375_s42.npz,40223050,af5b58d1013924f8ec3b09caaad3d23f0077e4392d187e8db9c6a0a12c4c35f8
node_predictions,g1_mlp_bauru_Q3_ss684965_s42/predicoes_g1_mlp_bauru_Q3_ss684965_s42.npz,45113250,6290ff2e06cb8836e483b630227a5aab30ba2d6e8bd0b0cb21385db42102ffee
node_predictions,g1_mlp_bauru_Q3_ss723969_s42/predicoes_g1_mlp_bauru_Q3_ss723969_s42.npz,45214484,f5df093b7baac939a11bd3edee21878bb962bca4ed0fbf9745e098caeecf78f2
node_predictions,g1_mlp_bauru_Q3_ss756541_s42/predicoes_g1_mlp_bauru_Q3_ss756541_s42.npz,40731131,89864ca1fbf06a16a33dc6fd20dd5973566fec012610a16cc4aae9871138387c
node_predictions,g1_mlp_bauru_Q3_ss811474_s42/predicoes_g1_mlp_bauru_Q3_ss811474_s42.npz,43433285,906c4df9723dbcf01b000c3d3e741f7a9438bbe2a942e97bb4f488aa2fc081f2
node_predictions,g1_mlp_bauru_Q3_ss880099_s42/predicoes_g1_mlp_bauru_Q3_ss880099_s42.npz,37647365,9b9c8f30647c05a27ebd7db54ab2bd314d0f7bd1d1d02ec0465400f5352077ed
node_predictions,g1_mlp_bauru_Q3_ss934410_s42/predicoes_g1_mlp_bauru_Q3_ss934410_s42.npz,35101472,b2fb2492842514480016e8513c200d74241a64529e5512dbc8ac760ac0c5437f
node_predictions,g1_mlp_campinas_Q1_ss125243_s42/predicoes_g1_mlp_campinas_Q1_ss125243_s42.npz,47076680,f71c929a9d14dae7a71a8e2b0570e3dfcbd368ecbbcecce851806652ecffe087
node_predictions,g1_mlp_campinas_Q1_ss125243_s43/predicoes_g1_mlp_campinas_Q1_ss125243_s43.npz,47076680,0de5918c84e6359786cdec89c1e678a2dc12d62ac8320efcce3aa79e3cb468c4
node_predictions,g1_mlp_campinas_Q1_ss125243_s44/predicoes_g1_mlp_campinas_Q1_ss125243_s44.npz,47076680,9d6026763693f627d7e428a9c8b1862c05357e0f58ba6dc0c932109fb3a31014
node_predictions,g1_mlp_campinas_Q1_ss159513_s42/predicoes_g1_mlp_campinas_Q1_ss159513_s42.npz,40330507,322afebd37949b81c4453e8f5fd26dfa759b6f567c6986db0b35cef3fc65771b
node_predictions,g1_mlp_campinas_Q1_ss159513_s43/predicoes_g1_mlp_campinas_Q1_ss159513_s43.npz,40330507,f9849a50fd2a5063cca438f35bec24b4aa850cba67eda96a240cc15c7cc239ec
node_predictions,g1_mlp_campinas_Q1_ss159513_s44/predicoes_g1_mlp_campinas_Q1_ss159513_s44.npz,40330507,650dd065819042f201999cabeb65b1d663d4a115ac54d9ba8759c0e4550e6a5b
node_predictions,g1_mlp_campinas_Q1_ss198718_s42/predicoes_g1_mlp_campinas_Q1_ss198718_s42.npz,39992946,30bdc54a72bb10594cf9e35db9407c5acd6d190bf03aaa6443de6c75af075ba3
node_predictions,g1_mlp_campinas_Q1_ss259492_s42/predicoes_g1_mlp_campinas_Q1_ss259492_s42.npz,40311299,de735c6369fcfdb779a3bda6769082fc38f00b50b0fbd9610e9a7ca69d873b87
node_predictions,g1_mlp_campinas_Q1_ss259492_s43/predicoes_g1_mlp_campinas_Q1_ss259492_s43.npz,40311299,4952bbcdd6e745f5a60507aa4115a01184d7f4056e6951803f52354e06db55ba
node_predictions,g1_mlp_campinas_Q1_ss259492_s44/predicoes_g1_mlp_campinas_Q1_ss259492_s44.npz,40311299,4b577e26a5806bb70fbd4c7bfab7e3aad18d2d2c981c5640895db4f70a4fadd8
node_predictions,g1_mlp_campinas_Q1_ss282106_s42/predicoes_g1_mlp_campinas_Q1_ss282106_s42.npz,42436086,fb7a97fb9e82d482117871c3950ab7e0aa7dcc99c5aee0c2dd64929188f2e0f9
node_predictions,g1_mlp_campinas_Q1_ss29675_s42/predicoes_g1_mlp_campinas_Q1_ss29675_s42.npz,36678047,161796ec82d175e9cb8dbf73995513fb969025742ca6297e6a05d8bc9e6291f3
node_predictions,g1_mlp_campinas_Q1_ss29675_s43/predicoes_g1_mlp_campinas_Q1_ss29675_s43.npz,36678047,b6d0c7658745e2cafd3bb8d881f42b611d64fc52c433510f20884324e567a482
node_predictions,g1_mlp_campinas_Q1_ss29675_s44/predicoes_g1_mlp_campinas_Q1_ss29675_s44.npz,36678047,0f330f9980f532c635872963d8abbf47431f495d6aa497fe96cbcc919f607428
node_predictions,g1_mlp_campinas_Q1_ss387379_s42/predicoes_g1_mlp_campinas_Q1_ss387379_s42.npz,45995936,65376174dc654eee7731e21e688e541a59f33e807121fdcdf157077e54e81419
node_predictions,g1_mlp_campinas_Q1_ss387379_s43/predicoes_g1_mlp_campinas_Q1_ss387379_s43.npz,45995936,8824a3542360c3ee6821e771adb0b2f07a24691bb0a95c31be0c62570a52a56c
node_predictions,g1_mlp_campinas_Q1_ss387379_s44/predicoes_g1_mlp_campinas_Q1_ss387379_s44.npz,45995936,1e3d626f090b1131cd4a997ea7dd1f6079589199969e05e70e807f7e5d95c1bc
node_predictions,g1_mlp_campinas_Q1_ss508734_s42/predicoes_g1_mlp_campinas_Q1_ss508734_s42.npz,44282847,eaf7e84d7e17cbff931b89495486ac894687f90e85bbd0f950a95b5083591cbe
node_predictions,g1_mlp_campinas_Q1_ss535105_s42/predicoes_g1_mlp_campinas_Q1_ss535105_s42.npz,38858547,362701800ccd409ad29a6ee466c685fabaa2b31f887620b12d725379643a1881
node_predictions,g1_mlp_campinas_Q1_ss546703_s42/predicoes_g1_mlp_campinas_Q1_ss546703_s42.npz,41793990,a0370c4fbfa025535ff64ea43dcec0ebf0b9d9d8d343f2c9a7a6d3dee867d632
node_predictions,g1_mlp_campinas_Q1_ss54892_s42/predicoes_g1_mlp_campinas_Q1_ss54892_s42.npz,50121589,a4b6ae2e209b9ca5fd3f4064ea5cd9fd4f1e28707b99ab4aadc388378ef6592f
node_predictions,g1_mlp_campinas_Q1_ss54892_s43/predicoes_g1_mlp_campinas_Q1_ss54892_s43.npz,50121589,4323c44a4a268cccf5c6c99a1b9424f6f4b376d7a59f891c78f474c7ae64db44
node_predictions,g1_mlp_campinas_Q1_ss54892_s44/predicoes_g1_mlp_campinas_Q1_ss54892_s44.npz,50121589,5c18cb88b9d4836678c3586f1f3f031b967b2b45dc4ca34fafd3c01677a88c00
node_predictions,g1_mlp_campinas_Q1_ss676375_s42/predicoes_g1_mlp_campinas_Q1_ss676375_s42.npz,40172482,f7113ab5362d1f75be65756b0e6da9e48b0d52d7b25cbe8b7186649685169ecc
node_predictions,g1_mlp_campinas_Q1_ss676375_s43/predicoes_g1_mlp_campinas_Q1_ss676375_s43.npz,40172482,5df081e98ce505613dd49f64f28eefa47b983f00b3cbe1dad9d838023d005eee
node_predictions,g1_mlp_campinas_Q1_ss676375_s44/predicoes_g1_mlp_campinas_Q1_ss676375_s44.npz,40172482,dd49a1de17c5e7f6a252e7a405da455524c3ff5142bcf7472d3e44ae6cb118a9
node_predictions,g1_mlp_campinas_Q1_ss684965_s42/predicoes_g1_mlp_campinas_Q1_ss684965_s42.npz,45272451,3fe4fa316e1ff4fb6e3bcb2974c8a37f126101dc54c2e7280253d93fcdd866e1
node_predictions,g1_mlp_campinas_Q1_ss723969_s42/predicoes_g1_mlp_campinas_Q1_ss723969_s42.npz,45194884,0f22334db58db2091afb1aad1104c7862b8d11787f2f1c7f2336ffdbd4e5d1d8
node_predictions,g1_mlp_campinas_Q1_ss739191_s42/predicoes_g1_mlp_campinas_Q1_ss739191_s42.npz,51044651,e7f190fd004c6def42bfa84360a65b3add57c0bb5f370321b67a85f958d08531
node_predictions,g1_mlp_campinas_Q1_ss739191_s43/predicoes_g1_mlp_campinas_Q1_ss739191_s43.npz,51044651,3a987a5804699c2299e07bb9ead145f315abe6de28e3d34d2e9697b68347da6c
node_predictions,g1_mlp_campinas_Q1_ss739191_s44/predicoes_g1_mlp_campinas_Q1_ss739191_s44.npz,51044651,da41618d82546cbf1fe1f119c2299b2e08cdc1bd6bd1ee86a2c5e970c94c8b7e
node_predictions,g1_mlp_campinas_Q1_ss756541_s42/predicoes_g1_mlp_campinas_Q1_ss756541_s42.npz,40725202,8ac4765ecd16d7bf75576d84d46a20eed9ca7098033fa9413f73a8fe50391a57
node_predictions,g1_mlp_campinas_Q1_ss769856_s42/predicoes_g1_mlp_campinas_Q1_ss769856_s42.npz,42036834,3e2ff8cc70f3a36202ac2589a628e35adb32fef188b60b514ccf3e145d211e0a
node_predictions,g1_mlp_campinas_Q1_ss811474_s42/predicoes_g1_mlp_campinas_Q1_ss811474_s42.npz,43651923,8d1dd1c777de4fe9b9983f5200f5310634dd0019373ecdf796303465585139a7
node_predictions,g1_mlp_campinas_Q1_ss811474_s43/predicoes_g1_mlp_campinas_Q1_ss811474_s43.npz,43651923,c97e64987efea8c42297c2fb2c6c9292fe34e1fb21988f01f36989285431a949
node_predictions,g1_mlp_campinas_Q1_ss811474_s44/predicoes_g1_mlp_campinas_Q1_ss811474_s44.npz,43651923,33d438bcf7297fb667347233c812aa88e8328bbc47858ab64b309c6d010d3ace
node_predictions,g1_mlp_campinas_Q1_ss880099_s42/predicoes_g1_mlp_campinas_Q1_ss880099_s42.npz,37901479,aabf819a9dc868e2add4a32ba119f78d39a32b148418f617bd33dd020552203b
node_predictions,g1_mlp_campinas_Q1_ss880099_s43/predicoes_g1_mlp_campinas_Q1_ss880099_s43.npz,37901479,75f3483e592aa3be607c36d709f9a087ba22f1a8fc7b2446550c28110cb43f44
node_predictions,g1_mlp_campinas_Q1_ss880099_s44/predicoes_g1_mlp_campinas_Q1_ss880099_s44.npz,37901479,9281f488d22ec483f3cfd42bf4d9615c1ccb7c255b535a16e9e003718e4cf60d
node_predictions,g1_mlp_campinas_Q1_ss934410_s42/predicoes_g1_mlp_campinas_Q1_ss934410_s42.npz,35075943,81d3466ce0a898ed95de7be97258d4ca55bcbc06c072a3e8c26fcf179afea962
node_predictions,g1_mlp_campinas_Q3_ss125243_s42/predicoes_g1_mlp_campinas_Q3_ss125243_s42.npz,47539485,e37e104032b9d08e2870903863ddd223e80083347e97c28b2d85c19164b1342a
node_predictions,g1_mlp_campinas_Q3_ss159513_s42/predicoes_g1_mlp_campinas_Q3_ss159513_s42.npz,40081195,ab541339127681e429de333265356b28c7819a04d3bd258e73eaca8193fd5e13
node_predictions,g1_mlp_campinas_Q3_ss198718_s42/predicoes_g1_mlp_campinas_Q3_ss198718_s42.npz,39680277,bfe554dd97472acc8b25c115cff86dc744bb42dbc15bab0f8af10fedc6a7ff75
node_predictions,g1_mlp_campinas_Q3_ss259492_s42/predicoes_g1_mlp_campinas_Q3_ss259492_s42.npz,39657786,2cca68129f02fe6387167d4dff7910c3395147fffe2c15ff9ee6f3be14169ecb
node_predictions,g1_mlp_campinas_Q3_ss282106_s42/predicoes_g1_mlp_campinas_Q3_ss282106_s42.npz,42359695,91f541deca08a557a5c63d8c6ce4ad30e8632efd9dc7fd8184cb8d21e85ce769
node_predictions,g1_mlp_campinas_Q3_ss29675_s42/predicoes_g1_mlp_campinas_Q3_ss29675_s42.npz,36162616,ee9246f5f735347560ff9d1437da23a290e3408050698e9cf3e6a55bfafa690b
node_predictions,g1_mlp_campinas_Q3_ss387379_s42/predicoes_g1_mlp_campinas_Q3_ss387379_s42.npz,46431056,826d613213e2c3e82e262d8537fd8dfc8000391929a2bcf8858c1acee762cb98
node_predictions,g1_mlp_campinas_Q3_ss508734_s42/predicoes_g1_mlp_campinas_Q3_ss508734_s42.npz,44472281,6df4442a8385d977b0bc8038cbb1ba342c68c5024e4b56cd51c8901e76e57a63
node_predictions,g1_mlp_campinas_Q3_ss535105_s42/predicoes_g1_mlp_campinas_Q3_ss535105_s42.npz,38674307,60c5a143cbc543f198450e7b9ef713b985a3566f5179910c2e7c799a4d9c0109
node_predictions,g1_mlp_campinas_Q3_ss546703_s42/predicoes_g1_mlp_campinas_Q3_ss546703_s42.npz,41705349,2cc1ff4f889a6c18516e27bc724cfd9e8021d98141dd48d1777a952a3efa0eac
node_predictions,g1_mlp_campinas_Q3_ss54892_s42/predicoes_g1_mlp_campinas_Q3_ss54892_s42.npz,50241100,ed90f803618b914b88d1d86a540f834d5a0ce6f838f50177346c8e4e102ca279
node_predictions,g1_mlp_campinas_Q3_ss676375_s42/predicoes_g1_mlp_campinas_Q3_ss676375_s42.npz,40341434,7af0e0dd578abe398455954191d7fad0a23f9a87406c6b780523c71cf9d052bb
node_predictions,g1_mlp_campinas_Q3_ss684965_s42/predicoes_g1_mlp_campinas_Q3_ss684965_s42.npz,45010007,4810a312d22ffdf65f2204dd296be8f5184b0523f5a3d12fee92b0ff78e54f3c
node_predictions,g1_mlp_campinas_Q3_ss723969_s42/predicoes_g1_mlp_campinas_Q3_ss723969_s42.npz,45372411,4a84508ea7dc9b6fc3a86a8b6c27458381021affd310ae112429c7f91e6447da
node_predictions,g1_mlp_campinas_Q3_ss756541_s42/predicoes_g1_mlp_campinas_Q3_ss756541_s42.npz,40868919,17d397681df3429609418d7109fe2f17457a666efe59e39e0086d7032e5c9731
node_predictions,g1_mlp_campinas_Q3_ss769856_s42/predicoes_g1_mlp_campinas_Q3_ss769856_s42.npz,41557467,88313514103aba5a2ebf8156a297683b259c3a41cdd27f4a2b389984536ca5b7
node_predictions,g1_mlp_campinas_Q3_ss811474_s42/predicoes_g1_mlp_campinas_Q3_ss811474_s42.npz,43444359,f767965c31e4ae786968a1bf56410a586b1fc4f40d38e91468bd1b0546fdeef9
node_predictions,g1_mlp_campinas_Q3_ss880099_s42/predicoes_g1_mlp_campinas_Q3_ss880099_s42.npz,37627618,2587a1dae39f9128789ef1748742de6a204ec81ba0ce575a0b3bf61034f4708c
node_predictions,g1_mlp_campinas_Q3_ss934410_s42/predicoes_g1_mlp_campinas_Q3_ss934410_s42.npz,35195699,8ed8bfdece5129245e53132cb3cb1b125db7a2b3e81715d6aa2ca8e01dc30429
node_predictions,gnn_v3_a2c_bauru_Q1_rep1/predicoes_gnn_v3_a2c_bauru_Q1_rep1.npz,9616180,c75bd00cb1c7d3bee0c9a16184bde46d57106ac660a14678ffdc04a075fc5228
node_predictions,gnn_v3_a2c_bauru_Q1_rep2/predicoes_gnn_v3_a2c_bauru_Q1_rep2.npz,9616180,c8f6d0be10290f0f3c771ff5913409d66b4c7260cdfda3ffabe34f0ffef6249e
node_predictions,gnn_v3_a2c_lins_Q1_rep1/predicoes_gnn_v3_a2c_lins_Q1_rep1.npz,9815757,f537d07e03cb9f1c89eba3dcc6d1dec7fb865b46328073d415d2c00a476c6cea
node_predictions,gnn_v3_a2c_lins_Q1_rep2/predicoes_gnn_v3_a2c_lins_Q1_rep2.npz,9815757,a0e21de68219e361b21500b348ee3a7a8c84511e812598f673dd362b366057fa
node_predictions,gnn_v3_a3_bauru_Q1_s42/predicoes_gnn_v3_a3_bauru_Q1_s42.npz,9616180,9445f0c57a178cd2c6030e80d41fcd003efb842a007cbeb759a94523d0d9ab0e
node_predictions,gnn_v3_a3_bauru_Q1_s43/predicoes_gnn_v3_a3_bauru_Q1_s43.npz,9616180,ad153d9e30ac115d7dee39cf7a023326aa6c4f71a097f765e8480b4f3ab032fc
node_predictions,gnn_v3_a3_bauru_Q1_s44/predicoes_gnn_v3_a3_bauru_Q1_s44.npz,9616180,0b0ccc3104dee68aac014de81d3917afa1c4bb9d7fa7a87c58e57b279d2a8932
node_predictions,gnn_v3_a3_bauru_Q1_s45/predicoes_gnn_v3_a3_bauru_Q1_s45.npz,9616180,1c2b59c98e7edb36ab17e62ca4416a356833c085993454a39f137f14dd0bdad5
node_predictions,gnn_v3_a3_bauru_Q1_s46/predicoes_gnn_v3_a3_bauru_Q1_s46.npz,9616180,422e96f921c33826659fada228ac77927f6026f93684971580fb66cf3163d300
node_predictions,gnn_v3_a3_bauru_Q3_s42/predicoes_gnn_v3_a3_bauru_Q3_s42.npz,9269064,5df5a1279f576be1a45fe74f00c97606c63ca89ba556e5099bb3ca73612d8190
node_predictions,gnn_v3_a3_bauru_Q3_s43/predicoes_gnn_v3_a3_bauru_Q3_s43.npz,9269064,5913b82af8c3e827d0555b36ab7040981775cd1c5887951f2581bf83583b0d69
node_predictions,gnn_v3_a3_bauru_Q3_s44/predicoes_gnn_v3_a3_bauru_Q3_s44.npz,9269064,1ec87e81009bc737c3da3033226bd18edfa1377bd2aa356746ef0cf2ae387483
node_predictions,gnn_v3_a3_bauru_Q3_s45/predicoes_gnn_v3_a3_bauru_Q3_s45.npz,9269064,611e7a75e84215065f467525cbadf70add3b1285459280eed3e1850ff1760dec
node_predictions,gnn_v3_a3_bauru_Q3_s46/predicoes_gnn_v3_a3_bauru_Q3_s46.npz,9269064,a5dbd54beef277e2b983053d32841a3d206fbb4ac1251eb207f477f6796ed98a
node_predictions,gnn_v3_a3_campinas_Q1_s42/predicoes_gnn_v3_a3_campinas_Q1_s42.npz,9396562,307ca36e123bdb343e48cf64f8fd97bc9ffcd19a9d82013c8d9bf0f430d52ba8
node_predictions,gnn_v3_a3_campinas_Q1_s43/predicoes_gnn_v3_a3_campinas_Q1_s43.npz,9396562,8ead8b02894e52bf7dfff652c47057f721f4c6f6053ed1c342b831ae64e770e0
node_predictions,gnn_v3_a3_campinas_Q1_s44/predicoes_gnn_v3_a3_campinas_Q1_s44.npz,9396562,2a45a1db0ff126f1d4eb45ae3b708f4ee197c959a1a4723ca9f52f1ab2e79d88
node_predictions,gnn_v3_a3_campinas_Q1_s45/predicoes_gnn_v3_a3_campinas_Q1_s45.npz,9396562,0589f64bc199ccf976c1caca442299cef90a0565c1f38522624a5e43c9b08183
node_predictions,gnn_v3_a3_campinas_Q1_s46/predicoes_gnn_v3_a3_campinas_Q1_s46.npz,9396562,c2a3595f5cf21af35b4a102be730073dd6e21e7fcae74cc1b6aa93b2a91f4aad
node_predictions,gnn_v3_a3_campinas_Q3_s42/predicoes_gnn_v3_a3_campinas_Q3_s42.npz,9232167,782ada57a40683f3d09c092571e7eca035a51ef5ce9c16a4bf40dcf1c202e967
node_predictions,gnn_v3_a3_campinas_Q3_s43/predicoes_gnn_v3_a3_campinas_Q3_s43.npz,9232167,13ef82adf4d4c0b67ba5c8864b9cde4378f59795c7a24b7bcc02c3a60a2bbc7b
node_predictions,gnn_v3_a3_campinas_Q3_s44/predicoes_gnn_v3_a3_campinas_Q3_s44.npz,9232167,1d98ebf8e0a4d60f63f399d96ad62bf945b1180460b80c89de1e8582b554efc9
node_predictions,gnn_v3_a3_campinas_Q3_s45/predicoes_gnn_v3_a3_campinas_Q3_s45.npz,9232167,9065218faafeda6be7fd4eaa1f7fa9cabe9eaeca465f87ed80589f686e9edb23
node_predictions,gnn_v3_a3_campinas_Q3_s46/predicoes_gnn_v3_a3_campinas_Q3_s46.npz,9232167,be0ce362755b6d2c4cbdd5fd1c919d871833b7c203f3b707aca66d78dca4d415
node_predictions,gnn_v3_a3_lins_Q1_s42/predicoes_gnn_v3_a3_lins_Q1_s42.npz,9815757,bb7a41297ffb39ce18f71ba5e6b34ff6b74bc0427c3bdcb24156dded92cd2909
node_predictions,gnn_v3_a3_lins_Q1_s43/predicoes_gnn_v3_a3_lins_Q1_s43.npz,9815757,1aab013c5838fac64f6c66799e3a474e237c13833148da560f9b92e2cebd85be
node_predictions,gnn_v3_a3_lins_Q1_s44/predicoes_gnn_v3_a3_lins_Q1_s44.npz,9815757,835d9acc1324448c0f459cd6ee01d601cd9cdad2a55f0e0b3927f52b3d770500
node_predictions,gnn_v3_a3_lins_Q1_s45/predicoes_gnn_v3_a3_lins_Q1_s45.npz,9815757,7252b38f0c20752dad1e8ce10a02d1acee5f577340672d5ccc2f76d436dfa42a
node_predictions,gnn_v3_a3_lins_Q1_s46/predicoes_gnn_v3_a3_lins_Q1_s46.npz,9815757,d4b41eebf6d03033f3d6844e0f8cab0d68bf83a56882854304179bbee5349b6d
node_predictions,gnn_v3_a3_lins_Q3_s42/predicoes_gnn_v3_a3_lins_Q3_s42.npz,9456832,895c4ae900223a222db41547c4b332f2b6fb7bb3bdcd78b604aa1310952cf77c
node_predictions,gnn_v3_a3_lins_Q3_s43/predicoes_gnn_v3_a3_lins_Q3_s43.npz,9456832,e96fcdd1a17a8e04ee102a564bae8c81022891230e63add51ebb7a07f832a947
node_predictions,gnn_v3_a3_lins_Q3_s44/predicoes_gnn_v3_a3_lins_Q3_s44.npz,9456832,a3534d0f026279c677126293159906dd865efb7c363d5d77364deb5e16800d68
node_predictions,gnn_v3_a3_lins_Q3_s45/predicoes_gnn_v3_a3_lins_Q3_s45.npz,9456832,0990af710de3bc29e9dd9c80f24a97ad888315efc4c9a06c0f8a7ae91599e673
node_predictions,gnn_v3_a3_lins_Q3_s46/predicoes_gnn_v3_a3_lins_Q3_s46.npz,9456832,382f2089db460fe4e2ef0b840d7493bc3b008c3ebaaa90446e082809e003b240
node_predictions,gnn_v3_a3_sorocaba_Q1_s42/predicoes_gnn_v3_a3_sorocaba_Q1_s42.npz,9213890,86fe516840665bb88bb3631ea334d5f2101e8eb1baabd9650335728839791616
node_predictions,gnn_v3_a3_sorocaba_Q1_s43/predicoes_gnn_v3_a3_sorocaba_Q1_s43.npz,9213890,ccc9bf23a1edeea5d1416ca1fbf7e48de7df490cc57355619b7ecc7dd836f18d
node_predictions,gnn_v3_a3_sorocaba_Q1_s44/predicoes_gnn_v3_a3_sorocaba_Q1_s44.npz,9213890,736913edf17633876974192d3bcb33a1349b258e021f059d445d38d11d5d0bbf
node_predictions,gnn_v3_a3_sorocaba_Q1_s45/predicoes_gnn_v3_a3_sorocaba_Q1_s45.npz,9213890,b376238a0c32560e90a16f815937d2aa2484c63b92c6855a44fc76f1b030438d
node_predictions,gnn_v3_a3_sorocaba_Q1_s46/predicoes_gnn_v3_a3_sorocaba_Q1_s46.npz,9213890,6546e6abed66845d5b0cea93fc049e1327b8f047afe45f917f6394a9edfa32a9
node_predictions,gnn_v3_a3_sorocaba_Q3_s42/predicoes_gnn_v3_a3_sorocaba_Q3_s42.npz,9141174,2135bf1620572ce0a6be5b9da6874fc6b8a9f169945525f8159cbb9a8932a706
node_predictions,gnn_v3_a3_sorocaba_Q3_s43/predicoes_gnn_v3_a3_sorocaba_Q3_s43.npz,9141174,0f7805f14a69130d756f64c227a6c214a6c4c7153bf6a8a8eaa617181ccdf5b0
node_predictions,gnn_v3_a3_sorocaba_Q3_s44/predicoes_gnn_v3_a3_sorocaba_Q3_s44.npz,9141174,18731599fe0673e8c7713f289a28800c8014228c2614879cf61df570ab88bc0c
node_predictions,gnn_v3_a3_sorocaba_Q3_s45/predicoes_gnn_v3_a3_sorocaba_Q3_s45.npz,9141174,1a0b1a1d47c740c7f50b7e254092b0cc34e77543773c620d8e09fe8b11b5cf93
node_predictions,gnn_v3_a3_sorocaba_Q3_s46/predicoes_gnn_v3_a3_sorocaba_Q3_s46.npz,9141174,f5a8ff191b71fbf6b0a57966d99ff630e26234921f554e31e6bba0de09b23821
node_predictions,gnn_v3_a4_bauru_Q1_ss101/predicoes_gnn_v3_a4_bauru_Q1_ss101.npz,9973880,6f7f050531d0cd55457a4f9ed554bcf859a8723fa3448d9888f3d2c6a85dbddb
node_predictions,gnn_v3_a4_bauru_Q1_ss102/predicoes_gnn_v3_a4_bauru_Q1_ss102.npz,9946244,98027563534a7a81fbd0879e232f6fea42f49ce8ea671bbe664ac1af0607e766
node_predictions,gnn_v3_a4_bauru_Q1_ss103/predicoes_gnn_v3_a4_bauru_Q1_ss103.npz,10695405,ea48af4927bac45bdfa72d5fbae601cf7e0dbcfa16008eae6160a1dd55484464
node_predictions,gnn_v3_a4_bauru_Q1_ss104/predicoes_gnn_v3_a4_bauru_Q1_ss104.npz,9605890,b5bff2c1e9017680ef8c9cffa81d55f35eab6d4b8af6614a149e9d1d09863d61
node_predictions,gnn_v3_a4_bauru_Q1_ss105/predicoes_gnn_v3_a4_bauru_Q1_ss105.npz,11016698,44fde76b8dc395ffb5da7af81952a6521cd2019c08ed517d9d565caab6449850
node_predictions,gnn_v3_a4_bauru_Q2_ss101/predicoes_gnn_v3_a4_bauru_Q2_ss101.npz,9977408,0b1b994e58a1070ed877a09bbf986c626f145d3a46d6842f273f23b55c8a9690
node_predictions,gnn_v3_a4_bauru_Q2_ss102/predicoes_gnn_v3_a4_bauru_Q2_ss102.npz,9946391,ea5833731e264407a5de9e611e6c976eed2c9cf0606f14740b3b6900752d0001
node_predictions,gnn_v3_a4_bauru_Q2_ss103/predicoes_gnn_v3_a4_bauru_Q2_ss103.npz,10695258,005cd988925bd8789ba92e59fe2a128f79f40c4fbab60d081b189a92a879e098
node_predictions,gnn_v3_a4_bauru_Q2_ss104/predicoes_gnn_v3_a4_bauru_Q2_ss104.npz,9605988,e78c51639119e2ff8b713c1bf7c9a6f16f461b1cf1a002bba4215d3dbba0fae2
node_predictions,gnn_v3_a4_bauru_Q2_ss105/predicoes_gnn_v3_a4_bauru_Q2_ss105.npz,11016502,eb3b44a4f5290f78d354e3b4fbe93b64a19d4a5e5fed8b3029fc7d864c7ae3a2
node_predictions,gnn_v3_a4_bauru_Q3_ss101/predicoes_gnn_v3_a4_bauru_Q3_ss101.npz,9838052,d9cfa8caced65e7d8618f6ca76a7f104e0b910b5a653320bea80a9b703d27529
node_predictions,gnn_v3_a4_bauru_Q3_ss102/predicoes_gnn_v3_a4_bauru_Q3_ss102.npz,9522247,e7b4523d92b5bc4868e501f254d0fb3c383fe75b2555be00ca7a90b7ba727716
node_predictions,gnn_v3_a4_bauru_Q3_ss103/predicoes_gnn_v3_a4_bauru_Q3_ss103.npz,10683498,e101b96667f51ae6948cffcd93c0c0b0eeadf78cb0a283f79a5be250e29b379c
node_predictions,gnn_v3_a4_bauru_Q3_ss104/predicoes_gnn_v3_a4_bauru_Q3_ss104.npz,9522884,340835c763770cc5c1a45d436057544d9af1bdba7376f35ee9040cc95ed1a6aa
node_predictions,gnn_v3_a4_bauru_Q3_ss105/predicoes_gnn_v3_a4_bauru_Q3_ss105.npz,10971814,d06c9403948a9bb207052eeadc3c7f1fce160d3b4aabb7109bc9ea225799c496
node_predictions,gnn_v3_a4_bauru_Q4_ss101/predicoes_gnn_v3_a4_bauru_Q4_ss101.npz,9838052,3a66fbdb7a3acaaf54023dc27caf67964e944d1b077a6e31595e8a7d921111cd
node_predictions,gnn_v3_a4_bauru_Q4_ss102/predicoes_gnn_v3_a4_bauru_Q4_ss102.npz,9522247,0f748b4a1035f79d1bc940882cde1abf4c2dfe630896ac803cc8c87c25ba7990
node_predictions,gnn_v3_a4_bauru_Q4_ss103/predicoes_gnn_v3_a4_bauru_Q4_ss103.npz,10683498,4f1dcc7fb84d8a2b3c84e47dbda1d90a747cf3cfc38269c77f64908b37ed5670
node_predictions,gnn_v3_a4_bauru_Q4_ss104/predicoes_gnn_v3_a4_bauru_Q4_ss104.npz,9522884,041b2e3dea8c4b729abf4b8723ba3c7a4cd101c24eae543f42b81e5d978b3a10
node_predictions,gnn_v3_a4_bauru_Q4_ss105/predicoes_gnn_v3_a4_bauru_Q4_ss105.npz,10971814,bc4e3494cde12e27439e4c77b4bf442e8f6fa583ad075dc1ad42da3f4b0cf7c6
node_predictions,mlp_v3_a2c_bauru_Q1_rep1/predicoes_mlp_v3_a2c_bauru_Q1_rep1.npz,9616180,4f25b3665ff3dbaa59a2c81e2f76584355b949a557a675ee296996c15a7122b7
node_predictions,mlp_v3_a2c_bauru_Q1_rep2/predicoes_mlp_v3_a2c_bauru_Q1_rep2.npz,9616180,4f25b3665ff3dbaa59a2c81e2f76584355b949a557a675ee296996c15a7122b7
node_predictions,mlp_v3_a2c_lins_Q1_rep1/predicoes_mlp_v3_a2c_lins_Q1_rep1.npz,9815757,1d72a43ab4581141c4dc1ff02011b06f5f77e60286a3d6843f0225417098cb9a
node_predictions,mlp_v3_a2c_lins_Q1_rep2/predicoes_mlp_v3_a2c_lins_Q1_rep2.npz,9815757,1d72a43ab4581141c4dc1ff02011b06f5f77e60286a3d6843f0225417098cb9a
node_predictions,mlp_v3_a3_bauru_Q1_s42/predicoes_mlp_v3_a3_bauru_Q1_s42.npz,9616180,4f25b3665ff3dbaa59a2c81e2f76584355b949a557a675ee296996c15a7122b7
node_predictions,mlp_v3_a3_bauru_Q1_s43/predicoes_mlp_v3_a3_bauru_Q1_s43.npz,9616180,46abb87873f66ee27812049722fdf46797a4dea79a9b7bc8e9cc0f1eb979643b
node_predictions,mlp_v3_a3_bauru_Q1_s44/predicoes_mlp_v3_a3_bauru_Q1_s44.npz,9616180,3efe9092b67082550ad3a1cb07197f270da36a5a1a22240ba28d675692e55432
node_predictions,mlp_v3_a3_bauru_Q1_s45/predicoes_mlp_v3_a3_bauru_Q1_s45.npz,9616180,82797cb77327a9616cfe575ad6d4f2ebda9d8871b3e02d2b16a224f4e4615092
node_predictions,mlp_v3_a3_bauru_Q1_s46/predicoes_mlp_v3_a3_bauru_Q1_s46.npz,9616180,dad6dcfbc8b45cabdcc163b224cb003053da2b8f1a876f009909412ae7923661
node_predictions,mlp_v3_a3_bauru_Q3_s42/predicoes_mlp_v3_a3_bauru_Q3_s42.npz,9269064,2d3fa139f29789ac2b77acee25ec67d369368fc4a6f875445604ef6264c9c9e6
node_predictions,mlp_v3_a3_bauru_Q3_s43/predicoes_mlp_v3_a3_bauru_Q3_s43.npz,9269064,0565084874cf212369f713e591b990b3508d72b350dbf3ee62e00d3551a6574e
node_predictions,mlp_v3_a3_bauru_Q3_s44/predicoes_mlp_v3_a3_bauru_Q3_s44.npz,9269064,3a558328cba5c7bd822e8c0c38a3f7a04ae2526dc749b5693ae4c6f7858dc2ac
node_predictions,mlp_v3_a3_bauru_Q3_s45/predicoes_mlp_v3_a3_bauru_Q3_s45.npz,9269064,15a8d937b01c98c89d54750e6f5d0aa74469db90881ca6eda5241d88c3bad4a0
node_predictions,mlp_v3_a3_bauru_Q3_s46/predicoes_mlp_v3_a3_bauru_Q3_s46.npz,9269064,f1417d8d0d57b91009812daf669171add4ebb57504abb31b4c8b694442047dfb
node_predictions,mlp_v3_a3_campinas_Q1_s42/predicoes_mlp_v3_a3_campinas_Q1_s42.npz,9396562,a0c07af82decb0331ed2ded1c5b8810e50b78debfa4d5527a1027f5676904e8e
node_predictions,mlp_v3_a3_campinas_Q1_s43/predicoes_mlp_v3_a3_campinas_Q1_s43.npz,9396562,0007f302ba04717ee229f06cbbad14d6b247cb3437dc632282b5530e89b423c9
node_predictions,mlp_v3_a3_campinas_Q1_s44/predicoes_mlp_v3_a3_campinas_Q1_s44.npz,9396562,69646f3ac81dff33d88cfbcf5e1b0bee0c0e4a603e3bdc88cdf99059f31d011d
node_predictions,mlp_v3_a3_campinas_Q1_s45/predicoes_mlp_v3_a3_campinas_Q1_s45.npz,9396562,dbd1b73d77b71a1fe5173544cdfbe7e0684133dd4043b24f3ea561eb749d08aa
node_predictions,mlp_v3_a3_campinas_Q1_s46/predicoes_mlp_v3_a3_campinas_Q1_s46.npz,9396562,10029195c6c60d69faa8e9d1ee089923ec98a6bc0a161952573d7385fd73bf7c
node_predictions,mlp_v3_a3_campinas_Q3_s42/predicoes_mlp_v3_a3_campinas_Q3_s42.npz,9232167,2105b2a75229acb0e5711ecddb0bcbba1c762827742b96f0582afef5298f9885
node_predictions,mlp_v3_a3_campinas_Q3_s43/predicoes_mlp_v3_a3_campinas_Q3_s43.npz,9232167,e85eb50debcfc15b2a5edb9b2c6227f43efc9566e3af3da4aaf2f230269247ba
node_predictions,mlp_v3_a3_campinas_Q3_s44/predicoes_mlp_v3_a3_campinas_Q3_s44.npz,9232167,733722265a5f965f1c11b7b5334680e68a6014223a3fcae0a29f7656bf96cdb6
node_predictions,mlp_v3_a3_campinas_Q3_s45/predicoes_mlp_v3_a3_campinas_Q3_s45.npz,9232167,38385e934c1ad6315fabf94e392cb85366558d8b97d875a366f658507b3a27a6
node_predictions,mlp_v3_a3_campinas_Q3_s46/predicoes_mlp_v3_a3_campinas_Q3_s46.npz,9232167,5dfe111d880786b7323f93a5b03de81068e765ee8308814d5cf918b4763c2d89
node_predictions,mlp_v3_a3_lins_Q1_s42/predicoes_mlp_v3_a3_lins_Q1_s42.npz,9815757,1d72a43ab4581141c4dc1ff02011b06f5f77e60286a3d6843f0225417098cb9a
node_predictions,mlp_v3_a3_lins_Q1_s43/predicoes_mlp_v3_a3_lins_Q1_s43.npz,9815757,453e5ccd804d7edd8d5a7ec0b41e3224d604db6b7b9c65e17c107f056c71eee3
node_predictions,mlp_v3_a3_lins_Q1_s44/predicoes_mlp_v3_a3_lins_Q1_s44.npz,9815757,0d6fb8bd7cc7b54d499c9f2c7b8179781e29923aecb9c5a57de7f74dd4d30bf8
node_predictions,mlp_v3_a3_lins_Q1_s45/predicoes_mlp_v3_a3_lins_Q1_s45.npz,9815757,6c5632202cd3e7023a2ffc0421eb9344cbc9f412348c4f3be176ff92b22e69e9
node_predictions,mlp_v3_a3_lins_Q1_s46/predicoes_mlp_v3_a3_lins_Q1_s46.npz,9815757,ab205c7a62a511ddc415bf22b6a5a6c325b0ea9fd0a5cf5a6b3fa9046dcbec26
node_predictions,mlp_v3_a3_lins_Q3_s42/predicoes_mlp_v3_a3_lins_Q3_s42.npz,9456832,262fc98928022aa275da80f194f50c05c639dd8701c8e5093d693e341c9867e3
node_predictions,mlp_v3_a3_lins_Q3_s43/predicoes_mlp_v3_a3_lins_Q3_s43.npz,9456832,eb1b7d8bd63ede477ffae587a25b9e340e7e30d3dec4f485d36dbcd60e73a093
node_predictions,mlp_v3_a3_lins_Q3_s44/predicoes_mlp_v3_a3_lins_Q3_s44.npz,9456832,349f830478114f3ab347d7651d757bc1566437a8343a1037b1b4be346ab49758
node_predictions,mlp_v3_a3_lins_Q3_s45/predicoes_mlp_v3_a3_lins_Q3_s45.npz,9456832,1a3ece1308125cf3897dbd1dc60d0b3c8c43e9be68f4509e515469acd1bf8332
node_predictions,mlp_v3_a3_lins_Q3_s46/predicoes_mlp_v3_a3_lins_Q3_s46.npz,9456832,7c2686673946a7b41cf5ad24e39c960b9985c860d9aa6ad6ac3e461be46ea782
node_predictions,mlp_v3_a3_sorocaba_Q1_s42/predicoes_mlp_v3_a3_sorocaba_Q1_s42.npz,9213890,e2b1379694b5bbd7dbfe8e02c03fb4f0682394a7d25b6c9d7fe1959905081cc5
node_predictions,mlp_v3_a3_sorocaba_Q1_s43/predicoes_mlp_v3_a3_sorocaba_Q1_s43.npz,9213890,a6eeeea0179d41d1e050e03cfdb1e3e3ab9034b3edc0f02c631ae2ccb326e683
node_predictions,mlp_v3_a3_sorocaba_Q1_s44/predicoes_mlp_v3_a3_sorocaba_Q1_s44.npz,9213890,4a65801d259a1e928c6b7fcf86c99306182cf95af2e73a752836265c3d66cfef
node_predictions,mlp_v3_a3_sorocaba_Q1_s45/predicoes_mlp_v3_a3_sorocaba_Q1_s45.npz,9213890,b214d06e51cc5daea289445b1909318b2718dc784552a2721ad764f6df432b1b
node_predictions,mlp_v3_a3_sorocaba_Q1_s46/predicoes_mlp_v3_a3_sorocaba_Q1_s46.npz,9213890,3992d502538a3ae1a7bcbcec35e11326897f04b5d5109de43db6ce224387499d
node_predictions,mlp_v3_a3_sorocaba_Q3_s42/predicoes_mlp_v3_a3_sorocaba_Q3_s42.npz,9141174,d826f55bf00f7005814914db185b418838613602d724fc62cb0eef92f31085f6
node_predictions,mlp_v3_a3_sorocaba_Q3_s43/predicoes_mlp_v3_a3_sorocaba_Q3_s43.npz,9141174,c104b765bf6d33576abe1b8d3647102b2c2e8a4b0893d99a39cb78b6381ec0b4
node_predictions,mlp_v3_a3_sorocaba_Q3_s44/predicoes_mlp_v3_a3_sorocaba_Q3_s44.npz,9141174,d88f5e967eb3bb8e38c9b2e98c8931762ffc206b524243cb977e90da722a96ac
node_predictions,mlp_v3_a3_sorocaba_Q3_s45/predicoes_mlp_v3_a3_sorocaba_Q3_s45.npz,9141174,0d696ce9702958ba2be3d562b78c0cb0acec2f14feae77463f717e528acc3ea8
node_predictions,mlp_v3_a3_sorocaba_Q3_s46/predicoes_mlp_v3_a3_sorocaba_Q3_s46.npz,9141174,fdd8850f2a43a6a81a15c2705a39d2c5638acbc7957993521fa47e0d9f50dbb8
node_predictions,mlp_v3_a4_bauru_Q1_ss101/predicoes_mlp_v3_a4_bauru_Q1_ss101.npz,9973880,c5ea669d7c0387b66e1fd9ced917731a1eb67fedd0c542ddcec4b09a9ecee7f7
node_predictions,mlp_v3_a4_bauru_Q1_ss102/predicoes_mlp_v3_a4_bauru_Q1_ss102.npz,9946244,7bfe5dcfd3a37646dddce7254d75fc91371de361217a9f24116d4b0c01afdd88
node_predictions,mlp_v3_a4_bauru_Q1_ss103/predicoes_mlp_v3_a4_bauru_Q1_ss103.npz,10695405,9c2cad79602d775ac6d8931d75464969b72d382e5538a1233160d7036b6300f3
node_predictions,mlp_v3_a4_bauru_Q1_ss104/predicoes_mlp_v3_a4_bauru_Q1_ss104.npz,9605890,8f9de46e25fe4292974bc601c0d4b71dbf1c676459fee0b8f700a42e6bbbe9f7
node_predictions,mlp_v3_a4_bauru_Q1_ss105/predicoes_mlp_v3_a4_bauru_Q1_ss105.npz,11016698,8f73d7358ced8af321c2a82ddc5777a3d3c18dfd5f01dc1499f4004dc4880f13
node_predictions,mlp_v3_a4_bauru_Q2_ss101/predicoes_mlp_v3_a4_bauru_Q2_ss101.npz,9977408,c478869b0c902d4b2906fd90cf8f9e3abe98c8f5b3f277b912890cc8287a8cd5
node_predictions,mlp_v3_a4_bauru_Q2_ss102/predicoes_mlp_v3_a4_bauru_Q2_ss102.npz,9946391,cda9dbf4de65b3b1543dd117a4054514aca5fca46ead2c1f17251310d8327235
node_predictions,mlp_v3_a4_bauru_Q2_ss103/predicoes_mlp_v3_a4_bauru_Q2_ss103.npz,10695258,c17e491cbe5a582c12eeac3d1e13ccae2be9aa5b71c4e41b9a3f3745dd8ec988
node_predictions,mlp_v3_a4_bauru_Q2_ss104/predicoes_mlp_v3_a4_bauru_Q2_ss104.npz,9605988,6619f28483c0f3f540cdb302d2e80b4836b994a043e0571d62c2d3e15eae2e11
node_predictions,mlp_v3_a4_bauru_Q2_ss105/predicoes_mlp_v3_a4_bauru_Q2_ss105.npz,11016502,b08e403723c209bb20aedc3cde4d8b6996ecf70c7f019debbe99962d204d41a9
node_predictions,mlp_v3_a4_bauru_Q3_ss101/predicoes_mlp_v3_a4_bauru_Q3_ss101.npz,9838052,852503caee9aa54ac0077328591b8147dcb3b7d7acf47ec6be3625956448fc85
node_predictions,mlp_v3_a4_bauru_Q3_ss102/predicoes_mlp_v3_a4_bauru_Q3_ss102.npz,9522247,05b7144cdd7c5a258d12b47a576941cd52296edc373d89e85e603af974b9e9bb
node_predictions,mlp_v3_a4_bauru_Q3_ss103/predicoes_mlp_v3_a4_bauru_Q3_ss103.npz,10683498,114911ff519bf3bd0cc7b9a672573e2e16b5d96bd7e51ac4db9cae2bc496a9aa
node_predictions,mlp_v3_a4_bauru_Q3_ss104/predicoes_mlp_v3_a4_bauru_Q3_ss104.npz,9522884,e0875fd5e53617b33fd69abf3b2d191b49184f8e1f04e5564a9cf9197077dfce
node_predictions,mlp_v3_a4_bauru_Q3_ss105/predicoes_mlp_v3_a4_bauru_Q3_ss105.npz,10971814,0730f97fb6ca98810cd6db9918e51ae279ae5969ec6f967895b8f3e346ff4015
node_predictions,mlp_v3_a4_bauru_Q4_ss101/predicoes_mlp_v3_a4_bauru_Q4_ss101.npz,9838052,4d72a223e4b43668139f6318e901a64e7207e3b605c27f2805b41e22f2b9c962
node_predictions,mlp_v3_a4_bauru_Q4_ss102/predicoes_mlp_v3_a4_bauru_Q4_ss102.npz,9522247,8256938dde5aa3d1028bf42118c246aa00a0cfc4dd6af2617879b8f0111351e0
node_predictions,mlp_v3_a4_bauru_Q4_ss103/predicoes_mlp_v3_a4_bauru_Q4_ss103.npz,10683498,35dd706ea50da24e0bc3f9bcd295794bddf23a0a194b11aa42b6ed3f55f3d07b
node_predictions,mlp_v3_a4_bauru_Q4_ss104/predicoes_mlp_v3_a4_bauru_Q4_ss104.npz,9522884,6cd8725d941ff1e2c72a89f2f49b4308d86dfd1be26efcb3738901596b26428e
node_predictions,mlp_v3_a4_bauru_Q4_ss105/predicoes_mlp_v3_a4_bauru_Q4_ss105.npz,10971814,41c61737fda1dac21b033631cea0d7b557228113476e133c752f3994ccf6139a
node_predictions,mlp_v3_a4s_bauru_Q1_s42_antigas/predicoes_mlp_v3_a4s_bauru_Q1_s42_antigas.npz,9616180,77fcff28e03a3903cf75676481a45dac703c6f9049e98c4fe06b72522f89c22c
node_predictions,mlp_v3_a4s_bauru_Q1_s43_antigas/predicoes_mlp_v3_a4s_bauru_Q1_s43_antigas.npz,9616180,05fe2138757844636c7b14e74187838668dd918a975f12ab4757ba67b0305967
node_predictions,mlp_v3_a4s_bauru_Q1_s44_antigas/predicoes_mlp_v3_a4s_bauru_Q1_s44_antigas.npz,9616180,e7c98911c1c0e8ceecce0154789599ac043f612b6283fe60177f502473b127ed
node_predictions,mlp_v3_a4s_bauru_Q1_s45_antigas/predicoes_mlp_v3_a4s_bauru_Q1_s45_antigas.npz,9616180,8621a44affb7e9cdf2c4387f681d7ef4c25441b45fb433e6f75c74d085763666
node_predictions,mlp_v3_a4s_bauru_Q1_s46_antigas/predicoes_mlp_v3_a4s_bauru_Q1_s46_antigas.npz,9616180,fdc8ac41bb8c6f10cf38010fb9135578b8625c2acc32646b288592a253c4360e
node_predictions,mlp_v3_a4s_lins_Q1_s42_antigas/predicoes_mlp_v3_a4s_lins_Q1_s42_antigas.npz,9815757,a0c6f7c6b3c884ffc904f26de5fd089eb1f5ea3cd910ddeaa9ab4fa4e3f79bf6
node_predictions,mlp_v3_a4s_lins_Q1_s43_antigas/predicoes_mlp_v3_a4s_lins_Q1_s43_antigas.npz,9815757,70e01d849ff43d4025cff0959fc67b6a4d98ac32712ec8071b89a849094cb08c
node_predictions,mlp_v3_a4s_lins_Q1_s44_antigas/predicoes_mlp_v3_a4s_lins_Q1_s44_antigas.npz,9815757,3e9b10a24b16715a404703c14c9dcd4b30a29913620aab135013ef6f11d56f77
node_predictions,mlp_v3_a4s_lins_Q1_s45_antigas/predicoes_mlp_v3_a4s_lins_Q1_s45_antigas.npz,9815757,72e8068d4a32398aa36f65f2b082ebfbefdbe9110754170a7029152ec234064e
node_predictions,mlp_v3_a4s_lins_Q1_s46_antigas/predicoes_mlp_v3_a4s_lins_Q1_s46_antigas.npz,9815757,259e32f2b8bd623542587e572d61f02f2a7758fcee0f9da55ff240e0ef72c261
reference_field_tensors,transfer_dataset_bauru_v19_Q1_enriched_cftudo.pt,28316234345,33e8d57368920241fc289f8c939de35ece7178c316d2bf5488c3cdf98ff5fb5c
reference_field_tensors,transfer_dataset_bauru_v19_Q2_enriched_cftudo.pt,28245441193,29bdc73e6f4bea464f2e3772670bef68febac95c21e18d66e0293dcd5f799163
reference_field_tensors,transfer_dataset_bauru_v19_Q3_enriched_cftudo.pt,28246855209,ef67c8c886b6c0cb7001a84f0316033699965d73961b6eca31ea66dd042f5264
reference_field_tensors,transfer_dataset_bauru_v19_Q4_enriched_cftudo.pt,28239043497,0caa7c2c3a7412a4f7fbf39ce08cefffc6896f7efa9db376897df6438024db20
reference_field_tensors,transfer_dataset_campinas_v19_Q1_enriched_cftudo.pt,28293194963,d3787cd087c1ded417da788a83bd048bcaafa347dcd6adc0e64a9fe1e405fe00
reference_field_tensors,transfer_dataset_campinas_v19_Q2_enriched_cftudo.pt,28297822803,c952a61cfcbeda2a042a6ba80f17ff73aabea5e42511a5614b0a7954321ef16c
reference_field_tensors,transfer_dataset_campinas_v19_Q3_enriched_cftudo.pt,28304852115,8b7bacbcdb7d34bc8c0234554a1f1afd954a05773a61d1b79e53191687330bb5
reference_field_tensors,transfer_dataset_campinas_v19_Q4_enriched_cftudo.pt,28271082707,7e9c4e41fc10078813afe081a436b88323532ff41282555232938f17913916dc
reference_field_tensors,transfer_dataset_lins_v19_Q1_enriched_cftudo.pt,28234062555,f23d15852f1d132eeb5412e194cb0d4251f88c6a0d32097cef08588835742cfc
reference_field_tensors,transfer_dataset_lins_v19_Q2_enriched_cftudo.pt,28298425243,64a48e1cb48287cf0753c04bb4934d65bf21144a084e1afe058161640a428249
reference_field_tensors,transfer_dataset_lins_v19_Q3_enriched_cftudo.pt,28219178203,845b287a7b3d33e1b08670c0dad745c2b9f50628e2d38540553de73ed234a4f2
reference_field_tensors,transfer_dataset_lins_v19_Q4_enriched_cftudo.pt,28217780059,eb2974f829c149378d1025fca8fa51e3191e8a06ba0821cf8f1adc2712754744
reference_field_tensors,transfer_dataset_sorocaba_v19_Q1_enriched_cftudo.pt,28280056915,858293a658cddbf2b45ddf2673d46153108698b0d04c7b48f8d39d3bf8527919
reference_field_tensors,transfer_dataset_sorocaba_v19_Q2_enriched_cftudo.pt,28275876179,5741e2b87fee80b15907aebee1122a5f12c992a66555a4b8b17282d384ab991d
reference_field_tensors,transfer_dataset_sorocaba_v19_Q3_enriched_cftudo.pt,28256037331,aed5e373e11bc94650b1d944e03153cf58af07b1224884f2f011a14609db8f2a
reference_field_tensors,transfer_dataset_sorocaba_v19_Q4_enriched_cftudo.pt,28220735507,467a03166acd932abea979a48dded6ce51cf1c3d13992aa45ae4949c3737177a
